Wavelength (nm),Glass_n,Glass_k,ITO_n,ITO_k,PEDOT:PSS_n,PEDOT:PSS_k,PM6L8BO_n,PM6L8BO_k,PDINN_n,PDINN_k,Air_n,Air_k
300,1.52154,0,2.28589,0.15729,1.58205814,4.25E-04,1.659815136,0.231284298,1.672407405,0.054565914,1,0
301,1.52141,0,2.28195,0.15059,1.581290698,4.26E-04,1.65929035,0.231750209,1.672473927,0.05503106,1,0
302,1.52128,0,2.27787,0.1441,1.580523256,4.27E-04,1.658765563,0.232216119,1.67254045,0.055496206,1,0
303,1.52116,0,2.27371,0.13788,1.579755814,4.28E-04,1.658240777,0.23268203,1.672606972,0.055961352,1,0
304,1.52103,0,2.26952,0.1318,1.578988372,4.29E-04,1.65771599,0.23314794,1.672673494,0.056426498,1,0
305,1.52091,0,2.26527,0.12602,1.57822093,4.30E-04,1.657191204,0.233613851,1.672740016,0.056891644,1,0
306,1.52082,0,2.26097,0.12038,1.577453488,4.31E-04,1.656666417,0.234079761,1.672806539,0.05735679,1,0
307,1.52073,0,2.25663,0.11488,1.576876471,4.32E-04,1.656141631,0.234545672,1.672873061,0.057821936,1,0
308,1.52064,0,2.25221,0.1097,1.576347059,4.32E-04,1.655616844,0.235011582,1.672939583,0.058287081,1,0
309,1.52055,0,2.24776,0.10463,1.575817647,4.33E-04,1.655092057,0.235477493,1.673006105,0.058752227,1,0
310,1.52046,0,2.2433,0.09975,1.575288235,4.34E-04,1.654567271,0.235943403,1.673072628,0.059217373,1,0
311,1.52037,0,2.23885,0.09511,1.574758824,4.35E-04,1.654042484,0.236409314,1.67313915,0.059682519,1,0
312,1.52028,0,2.23441,0.09058,1.574277632,4.36E-04,1.653517698,0.236875225,1.673205672,0.060147665,1,0
313,1.52019,0,2.2299,0.08631,1.573817105,4.37E-04,1.652992911,0.237341135,1.673272194,0.060612811,1,0
314,1.5201,0,2.22539,0.08217,1.573356579,4.38E-04,1.652466967,0.237808547,1.673341954,0.061081363,1,0
315,1.52001,0,2.22086,0.07815,1.572896053,4.39E-04,1.651932203,0.2382874,1.673436382,0.061575871,1,0
316,1.51992,0,2.21642,0.07439,1.572435526,4.40E-04,1.651397438,0.238766253,1.673530811,0.062070379,1,0
317,1.51983,0,2.21198,0.07073,1.571975,4.52E-04,1.650862673,0.239245106,1.67362524,0.062564888,1,0
318,1.51975,0,2.20754,0.06724,1.571514474,4.69E-04,1.650326928,0.239725181,1.673722829,0.063062316,1,0
319,1.51967,0,2.20313,0.06391,1.571057647,4.86E-04,1.649781478,0.240217345,1.673851683,0.063588632,1,0
320,1.5196,0,2.19873,0.06067,1.570634118,5.04E-04,1.649236027,0.24070951,1.673980537,0.064114947,1,0
321,1.51952,0,2.19436,0.05764,1.570210588,5.21E-04,1.648690577,0.241201675,1.674109391,0.064641263,1,0
322,1.51944,0,2.19001,0.05472,1.569787059,5.38E-04,1.648145127,0.241693839,1.674238245,0.065167579,1,0
323,1.51936,0,2.1857,0.05191,1.569363529,5.55E-04,1.647588593,0.242200221,1.674407786,0.065726361,1,0
324,1.51928,0,2.18148,0.04927,1.56894,5.72E-04,1.647031635,0.242707148,1.674578885,0.066286388,1,0
325,1.51921,0,2.17728,0.04671,1.568516471,5.90E-04,1.646474676,0.243214074,1.674749985,0.066846414,1,0
326,1.51913,0,2.17309,0.04429,1.568092941,6.07E-04,1.645917718,0.243721001,1.674921085,0.067406441,1,0
327,1.51905,0,2.16895,0.042,1.567669412,6.24E-04,1.64535224,0.244239058,1.675130668,0.067991946,1,0
328,1.51897,0,2.16484,0.03978,1.567248387,6.41E-04,1.644783544,0.244761321,1.675354791,0.068587078,1,0
329,1.5189,0,2.16081,0.0377,1.566829032,6.58E-04,1.644214847,0.245283584,1.675578913,0.069182209,1,0
330,1.51883,0,2.15683,0.03571,1.566409677,6.75E-04,1.643646151,0.245805847,1.675803036,0.06977734,1,0
331,1.51875,0,2.1529,0.03379,1.565990323,6.92E-04,1.643072654,0.246334378,1.676051921,0.070385836,1,0
332,1.51868,0,2.14902,0.03202,1.565570968,7.09E-04,1.642491173,0.246873334,1.67634199,0.071016557,1,0
333,1.51861,0,2.14517,0.0303,1.565151613,7.26E-04,1.641909691,0.247412289,1.676632059,0.071647279,1,0
334,1.51854,0,2.14135,0.02868,1.564732258,7.43E-04,1.64132821,0.247951245,1.676922128,0.072278,1,0
335,1.51846,0,2.13762,0.02714,1.564312903,7.60E-04,1.640746729,0.2484902,1.677212198,0.072908721,1,0
336,1.51839,0,2.13392,0.02566,1.563893548,7.77E-04,1.640153221,0.249045573,1.677576906,0.07357005,1,0
337,1.51832,0,2.13029,0.02428,1.563491489,7.94E-04,1.639558489,0.249602618,1.677949212,0.074234494,1,0
338,1.51825,0,2.1267,0.02296,1.563129787,8.11E-04,1.638963756,0.250159662,1.678321519,0.074898939,1,0
339,1.51817,0,2.12314,0.0217,1.562768085,8.27E-04,1.638369024,0.250716706,1.678693826,0.075563384,1,0
340,1.5181,0,2.11968,0.02053,1.562406383,8.44E-04,1.637769774,0.251279936,1.679098788,0.076236927,1,0
341,1.51804,0,2.11625,0.0194,1.562044681,8.61E-04,1.637160803,0.251856476,1.679574009,0.076930047,1,0
342,1.51798,0,2.11288,0.01834,1.561682979,8.78E-04,1.636551833,0.252433016,1.680049231,0.077623166,1,0
343,1.51792,0,2.1096,0.01735,1.561321277,8.96E-04,1.635942863,0.253009556,1.680524452,0.078316286,1,0
344,1.51786,0,2.10636,0.01639,1.560959574,9.14E-04,1.635333893,0.253586096,1.680999674,0.079009406,1,0
345,1.5178,0,2.10315,0.01549,1.560597872,9.33E-04,1.634715892,0.254175165,1.681551131,0.07971314,1,0
346,1.51774,0,2.09999,0.01464,1.56023617,9.51E-04,1.634091858,0.254772605,1.682153518,0.080423965,1,0
347,1.51768,0,2.09686,0.01383,1.559855882,9.69E-04,1.633467825,0.255370044,1.682755906,0.08113479,1,0
348,1.51761,0,2.0938,0.01308,1.559473529,9.88E-04,1.632843791,0.255967484,1.683358293,0.081845615,1,0
349,1.51755,0,2.09075,0.01236,1.559091176,0.001006471,1.632219757,0.256564923,1.68396068,0.082556441,1,0
350,1.51749,0,2.08773,0.01168,1.558708824,0.001024958,1.631583791,0.257179651,1.684680357,0.083265987,1,0
351,1.51743,0,2.08483,0.01105,1.558326471,0.001043445,1.630943821,0.257800179,1.685439382,0.083975105,1,0
352,1.51737,0,2.08197,0.01044,1.557944118,0.001061933,1.630303852,0.258420707,1.686198406,0.084684222,1,0
353,1.51731,0,2.07915,0.00988,1.557561765,0.00108042,1.629663882,0.259041235,1.68695743,0.08539334,1,0
354,1.51725,0,2.07638,0.00934,1.557179412,0.001098908,1.629023913,0.259661763,1.687716455,0.086102457,1,0
355,1.51719,0,2.07363,0.00883,1.556797059,0.001116111,1.628370866,0.26030111,1.688618262,0.086784412,1,0
356,1.51713,0,2.07092,0.00836,1.556414706,0.001131389,1.627713679,0.260946416,1.689565281,0.087457767,1,0
357,1.51707,0,2.06825,0.00791,1.556094118,0.001146667,1.627056491,0.261591721,1.690512301,0.088131121,1,0
358,1.51701,0,2.06563,0.00748,1.5558,0.001161944,1.626399304,0.262237027,1.691459321,0.088804475,1,0
359,1.51695,0,2.0631,0.00709,1.555505882,0.001177222,1.625742117,0.262882333,1.692406341,0.089477829,1,0
360,1.51688,0,2.0606,0.00671,1.555211765,0.0011925,1.625073587,0.263544637,1.693489482,0.09009572,1,0
361,1.51682,0,2.05808,0.00636,1.554917647,0.001207778,1.624398267,0.264217119,1.69465412,0.090680405,1,0
362,1.51676,0,2.05561,0.00603,1.554623529,0.001223056,1.623722947,0.264889601,1.695818759,0.09126509,1,0
363,1.5167,0,2.05318,0.00572,1.554329412,0.001238333,1.623047626,0.265562083,1.696983398,0.091849774,1,0
364,1.51664,0,2.0508,0.00543,1.554035294,0.001253611,1.622372306,0.266234565,1.698148037,0.092434459,1,0
365,1.51658,0,2.04845,0.00515,1.553741176,0.001268889,1.621690325,0.26691724,1.699392729,0.092962055,1,0
366,1.51651,0,2.04612,0.00489,1.553447059,0.001284167,1.62099545,0.267619649,1.700792402,0.093379127,1,0
367,1.51645,0,2.04386,0.00465,1.553145455,0.001299444,1.620300574,0.268322058,1.702192075,0.0937962,1,0
368,1.51639,0,2.04162,0.00442,1.552836364,0.001314722,1.619605698,0.269024467,1.703591747,0.094213272,1,0
369,1.51633,0,2.03943,0.00421,1.552527273,0.00133,1.618910823,0.269726875,1.70499142,0.094630344,1,0
370,1.51627,0,2.03728,0.00401,1.552218182,0.001346912,1.618215947,0.270429284,1.706391093,0.095047417,1,0
371,1.51621,0,2.03516,0.00382,1.551909091,0.001363824,1.617502591,0.271161023,1.70799127,0.095219379,1,0
372,1.51616,0,2.03302,0.00364,1.5516,0.001380735,1.616787133,0.271896097,1.709614246,0.095363469,1,0
373,1.5161,0,2.03091,0.00348,1.551290909,0.001397647,1.616071675,0.27263117,1.711237222,0.095507559,1,0
374,1.51604,0,2.02885,0.00332,1.550981818,0.001414559,1.615356218,0.273366244,1.712860198,0.095651649,1,0
375,1.51598,0,2.02684,0.00318,1.550672727,0.001431471,1.61464076,0.274101318,1.714483174,0.095795739,1,0
376,1.51593,0,2.02484,0.00304,1.550363636,0.001448382,1.613918845,0.274846899,1.716151805,0.095825326,1,0
377,1.51587,0,2.02282,0.00291,1.550054545,0.001465294,1.613181141,0.275618166,1.717932051,0.095574984,1,0
378,1.51581,0,2.02086,0.00279,1.549770968,0.001482206,1.612443438,0.276389433,1.719712297,0.095324642,1,0
379,1.51576,0,2.01893,0.00268,1.549512903,0.001499118,1.611705734,0.2771607,1.721492543,0.095074301,1,0
380,1.5157,0,2.01705,0.00258,1.549254839,0.001516029,1.610968031,0.277931967,1.723272789,0.094823959,1,0
381,1.51564,0,2.0152,0.00248,1.548996774,0.001532941,1.610230327,0.278703233,1.725053036,0.094573617,1,0
382,1.51559,0,2.01339,0.00239,1.54873871,0.001549853,1.60948041,0.279495011,1.726842124,0.094068487,1,0
383,1.51553,0,2.01157,0.00231,1.548480645,0.001566929,1.608718767,0.280306479,1.728639702,0.093318755,1,0
384,1.51547,0,2.00975,0.00223,1.548222581,0.001584252,1.607957124,0.281117948,1.730437279,0.092569024,1,0
385,1.51542,0,2.00794,0.00215,1.547964516,0.001601575,1.607195482,0.281929416,1.732234857,0.091819292,1,0
386,1.51536,0,2.00616,0.00208,1.547706452,0.001618898,1.606433839,0.282740884,1.734032434,0.091069561,1,0
387,1.51532,0,2.00442,0.00202,1.547445098,0.00163622,1.605672196,0.283552352,1.735830012,0.090319829,1,0
388,1.51527,0,2.00273,0.00196,1.547170588,0.001653543,1.604896627,0.284388429,1.737521184,0.089277428,1,0
389,1.51522,0,2.00104,0.00191,1.546896078,0.001670866,1.604109635,0.285244689,1.739125086,0.087994989,1,0
390,1.51517,0,1.99934,0.00185,1.546621569,0.001688189,1.603322643,0.28610095,1.740728989,0.08671255,1,0
391,1.51512,0,1.99765,0.00181,1.546347059,0.001705512,1.602535651,0.28695721,1.742332891,0.085430111,1,0
392,1.51507,0,1.99598,0.00176,1.546072549,0.001722835,1.601748659,0.28781347,1.743936794,0.084147672,1,0
393,1.51502,0,1.99435,0.00172,1.545798039,0.001740157,1.600961667,0.28866973,1.745540696,0.082865233,1,0
394,1.51497,0,1.99272,0.00169,1.545523529,0.00175748,1.600163737,0.289545878,1.746975851,0.081405657,1,0
395,1.51492,0,1.99109,0.00165,1.54524902,0.001774803,1.599349359,0.290451933,1.748157251,0.07967971,1,0
396,1.51487,0,1.98953,0.00162,1.54497451,0.001804063,1.59853498,0.291357989,1.749338651,0.077953763,1,0
397,1.51482,0,1.98797,0.00159,1.5447,0.001838438,1.597720602,0.292264044,1.750520051,0.076227817,1,0
398,1.51477,0,1.9864,0.00156,1.54442549,0.001872813,1.596906224,0.293170099,1.751701451,0.07450187,1,0
399,1.51472,0,1.9849,0.00154,1.54415098,0.001907188,1.596091845,0.294076154,1.752882851,0.072775923,1,0
400,1.51467,0,1.98339,0.00151,1.543876471,0.001941563,1.595275969,0.294985083,1.754034655,0.071038186,1,0
401,1.51462,0,1.98188,0.00149,1.543601961,0.001975938,1.594432226,0.295947486,1.754635738,0.069081044,1,0
402,1.51457,0,1.98038,0.00148,1.543327451,0.002010313,1.593588483,0.29690989,1.755236821,0.067123902,1,0
403,1.51452,0,1.97889,0.00146,1.543089063,0.002044688,1.592744741,0.297872294,1.755837904,0.06516676,1,0
404,1.51448,0,1.97745,0.00144,1.542854688,0.002079063,1.591900998,0.298834697,1.756438987,0.063209619,1,0
405,1.51443,0,1.97598,0.00143,1.542620313,0.002113438,1.591057255,0.299797101,1.75704007,0.061252477,1,0
406,1.51438,0,1.97448,0.00142,1.542385938,0.002147813,1.590213512,0.300759505,1.757641153,0.059295335,1,0
407,1.51433,0,1.97308,0.00141,1.542151563,0.002182188,1.589354255,0.301753266,1.757946825,0.057353436,1,0
408,1.51428,0,1.97168,0.0014,1.541917188,0.002216563,1.588479139,0.302779081,1.757950515,0.055427117,1,0
409,1.51423,0,1.97025,0.00139,1.541682813,0.002243294,1.587604023,0.303804896,1.757954205,0.053500799,1,0
410,1.51419,0,1.96885,0.00138,1.541448438,0.002269176,1.586728906,0.304830711,1.757957895,0.05157448,1,0
411,1.51414,0,1.96748,0.00138,1.541214063,0.002295059,1.58585379,0.305856526,1.757961585,0.049648162,1,0
412,1.51409,0,1.96609,0.00137,1.540979688,0.002320941,1.584978674,0.306882341,1.757965275,0.047721843,1,0
413,1.51404,0,1.96471,0.00137,1.540745313,0.002346824,1.584103558,0.307908156,1.757968965,0.045795525,1,0
414,1.51399,0,1.96334,0.00136,1.540510938,0.002372706,1.583204205,0.308985976,1.757625233,0.04404395,1,0
415,1.51394,0,1.96202,0.00136,1.540276378,0.002398588,1.5822954,0.31008408,1.75714599,0.042360533,1,0
416,1.5139,0,1.96071,0.00136,1.540040157,0.002424471,1.581386595,0.311182184,1.756666747,0.040677116,1,0
417,1.51385,0,1.95939,0.00136,1.539803937,0.002450353,1.580477789,0.312280289,1.756187504,0.038993698,1,0
418,1.5138,0,1.95808,0.00136,1.539567717,0.002476235,1.579568984,0.313378393,1.755708262,0.037310281,1,0
419,1.51375,0,1.95676,0.00136,1.539331496,0.002502118,1.578660178,0.314476497,1.755229019,0.035626864,1,0
420,1.5137,0,1.95544,0.00136,1.539095276,0.002528,1.577751373,0.315574601,1.754749776,0.033943447,1,0
421,1.51365,0,1.95416,0.00136,1.538859055,0.002553882,1.576816975,0.316731856,1.754052073,0.032509582,1,0
422,1.51361,0,1.95291,0.00137,1.538622835,0.002579765,1.575872355,0.317912734,1.753267121,0.031175384,1,0
423,1.51356,0,1.95161,0.00137,1.538386614,0.002605647,1.574927735,0.319093613,1.752482168,0.029841186,1,0
424,1.51351,0,1.95031,0.00137,1.538150394,0.002631529,1.573983114,0.320274491,1.751697216,0.028506988,1,0
425,1.51347,0,1.94905,0.00138,1.537914173,0.002657412,1.573038494,0.32145537,1.750912264,0.027172789,1,0
426,1.51342,0,1.9478,0.00138,1.537677953,0.002691452,1.572093874,0.322636248,1.750127311,0.025838591,1,0
427,1.51338,0,1.94655,0.00139,1.537441732,0.002726398,1.571149254,0.323817127,1.749342359,0.024504393,1,0
428,1.51333,0,1.9453,0.00139,1.537219328,0.002761344,1.570186792,0.32504269,1.748492138,0.023337601,1,0
429,1.51328,0,1.94408,0.0014,1.537017647,0.00279629,1.56920407,0.326318988,1.747567812,0.022360879,1,0
430,1.51324,0,1.94288,0.00141,1.536815966,0.002831237,1.568221349,0.327595286,1.746643486,0.021384157,1,0
431,1.51319,0,1.94164,0.00141,1.536614286,0.002866183,1.567238627,0.328871584,1.74571916,0.020407436,1,0
432,1.51315,0,1.94041,0.00142,1.536412605,0.002901129,1.566255906,0.330147882,1.744794834,0.019430714,1,0
433,1.5131,0,1.93922,0.00143,1.536210924,0.002936075,1.565273185,0.33142418,1.743870508,0.018453992,1,0
434,1.51306,0,1.93803,0.00143,1.536009244,0.002971022,1.564290463,0.332700478,1.742946182,0.01747727,1,0
435,1.51301,0,1.93684,0.00144,1.535807563,0.003005968,1.563307742,0.333976776,1.742021856,0.016500548,1,0
436,1.51297,0,1.93565,0.00145,1.535605882,0.003040914,1.562286301,0.335360228,1.741078288,0.015822239,1,0
437,1.51292,0,1.93446,0.00146,1.535404202,0.00307586,1.561263568,0.336747258,1.740134078,0.01515389,1,0
438,1.51287,0,1.93327,0.00147,1.535202521,0.003110806,1.560240835,0.338134287,1.739189868,0.014485542,1,0
439,1.51283,0,1.93214,0.00147,1.53500084,0.003145753,1.559218102,0.339521317,1.738245658,0.013817193,1,0
440,1.51278,0,1.93099,0.00148,1.534797638,0.003180699,1.558195369,0.340908346,1.737301449,0.013148844,1,0
441,1.51274,0,1.9298,0.00149,1.534592913,0.003215645,1.557172636,0.342295376,1.736357239,0.012480495,1,0
442,1.51269,0,1.92866,0.0015,1.534388189,0.003250591,1.556149902,0.343682405,1.735413029,0.011812147,1,0
443,1.51265,0,1.92752,0.00151,1.534183465,0.003285538,1.555118899,0.345095259,1.73447869,0.01119162,1,0
444,1.5126,0,1.92633,0.00152,1.53397874,0.003320102,1.55405467,0.346611859,1.733584007,0.010763221,1,0
445,1.51256,0,1.92518,0.00153,1.533774016,0.003353776,1.552990442,0.34812846,1.732689325,0.010334821,1,0
446,1.51252,0,1.92406,0.00154,1.533569291,0.003387449,1.551926213,0.34964506,1.731794642,0.009906422,1,0
447,1.51248,0,1.92292,0.00155,1.533364567,0.003421122,1.550861984,0.351161661,1.730899959,0.009478023,1,0
448,1.51244,0,1.9218,0.00156,1.533159843,0.003454796,1.549797755,0.352678262,1.730005277,0.009049623,1,0
449,1.5124,0,1.92067,0.00157,1.532955118,0.003488469,1.548733526,0.354194862,1.729110594,0.008621224,1,0
450,1.51236,0,1.91954,0.00159,1.532750394,0.003522143,1.547669297,0.355711463,1.728215912,0.008192825,1,0
451,1.51232,0,1.91843,0.0016,1.532545669,0.003555816,1.5465988,0.357250828,1.727333276,0.007790389,1,0
452,1.51228,0,1.91737,0.00161,1.532340945,0.00358949,1.545492334,0.358920828,1.726519776,0.007536949,1,0
453,1.51224,0,1.91627,0.00162,1.532145378,0.003623163,1.544385867,0.360590829,1.725706275,0.007283508,1,0
454,1.5122,0,1.91513,0.00163,1.531952101,0.003656837,1.543279401,0.362260829,1.724892774,0.007030068,1,0
455,1.51216,0,1.91401,0.00164,1.531758824,0.00369051,1.542172934,0.363930829,1.724079273,0.006776627,1,0
456,1.51212,0,1.91291,0.00165,1.531565546,0.003724184,1.541066468,0.36560083,1.723265772,0.006523187,1,0
457,1.51208,0,1.91184,0.00167,1.531372269,0.003757857,1.539960001,0.36727083,1.722452271,0.006269746,1,0
458,1.51204,0,1.91078,0.00168,1.531178992,0.003791531,1.538853534,0.368940831,1.72163877,0.006016306,1,0
459,1.512,0,1.9097,0.00169,1.530985714,0.003825204,1.537747068,0.370610831,1.72082527,0.005762866,1,0
460,1.51195,0,1.90857,0.0017,1.530792437,0.003858878,1.536607911,0.372426756,1.720083665,0.005607016,1,0
461,1.51191,0,1.90748,0.00171,1.53059916,0.003892551,1.535460546,0.374279322,1.719360113,0.005475671,1,0
462,1.51187,0,1.90642,0.00173,1.530405882,0.003926224,1.534313181,0.376131887,1.718636561,0.005344326,1,0
463,1.51183,0,1.90536,0.00174,1.530212605,0.003959898,1.533165816,0.377984453,1.717913009,0.005212981,1,0
464,1.51179,0,1.90429,0.00175,1.530019328,0.00398878,1.532018451,0.379837019,1.717189456,0.005081636,1,0
465,1.51175,0,1.90323,0.00177,1.529818487,0.00401561,1.530871086,0.381689584,1.716465904,0.004950291,1,0
466,1.51171,0,1.90216,0.00178,1.529616807,0.004042439,1.529723721,0.38354215,1.715742352,0.004818945,1,0
467,1.51168,0,1.9011,0.00179,1.529415126,0.004069268,1.528576356,0.385394716,1.7150188,0.0046876,1,0
468,1.51164,0,1.90004,0.0018,1.529213445,0.004096098,1.527423995,0.387277053,1.714306856,0.004567393,1,0
469,1.51161,0,1.89897,0.00182,1.529011765,0.004122927,1.526239653,0.389349985,1.713669228,0.00451849,1,0
470,1.51157,0,1.8979,0.00183,1.528810084,0.004149756,1.525055311,0.391422917,1.713031599,0.004469587,1,0
471,1.51154,0,1.8969,0.00184,1.528608403,0.004176585,1.523870969,0.39349585,1.71239397,0.004420684,1,0
472,1.51151,0,1.89587,0.00186,1.528406723,0.004203415,1.522686627,0.395568782,1.711756342,0.004371781,1,0
473,1.51147,0,1.89481,0.00187,1.528205042,0.004230244,1.521502285,0.397641714,1.711118713,0.004322878,1,0
474,1.51144,0,1.89375,0.00189,1.528003361,0.004257073,1.520317943,0.399714646,1.710481084,0.004273975,1,0
475,1.51141,0,1.8927,0.0019,1.527801681,0.004283902,1.5191336,0.401787578,1.709843456,0.004225072,1,0
476,1.51137,0,1.89169,0.00191,1.5276,0.004310732,1.517949258,0.403860511,1.709205827,0.004176169,1,0
477,1.51134,0,1.89065,0.00193,1.527430882,0.004337561,1.516761144,0.405970358,1.708578831,0.004134751,1,0
478,1.5113,0,1.88959,0.00194,1.527261765,0.00436439,1.515549405,0.408311378,1.708018415,0.004140206,1,0
479,1.51127,0,1.88853,0.00196,1.527092647,0.00439122,1.514337666,0.410652397,1.707457999,0.00414566,1,0
480,1.51124,0,1.88749,0.00197,1.526923529,0.004418049,1.513125927,0.412993417,1.706897583,0.004151114,1,0
481,1.5112,0,1.88648,0.00198,1.526754412,0.004444878,1.511914188,0.415334436,1.706337167,0.004156569,1,0
482,1.51117,0,1.88548,0.002,1.526585294,0.004471707,1.51070245,0.417675456,1.705776752,0.004162023,1,0
483,1.51114,0,1.88447,0.00201,1.526416176,0.004498537,1.509490711,0.420016475,1.705216336,0.004167478,1,0
484,1.5111,0,1.8834,0.00203,1.526247059,0.004525366,1.508278972,0.422357494,1.70465592,0.004172932,1,0
485,1.51107,0,1.88238,0.00204,1.526077941,0.004552195,1.507067233,0.424698514,1.704095504,0.004178387,1,0
486,1.51104,0,1.88137,0.00206,1.525908824,0.004579024,1.505855494,0.427039533,1.703535088,0.004183841,1,0
487,1.511,0,1.88037,0.00207,1.525739706,0.004605854,1.504636573,0.429640363,1.703026716,0.004206703,1,0
488,1.51097,0,1.87934,0.00209,1.525570588,0.004633577,1.503415714,0.432311301,1.702532388,0.004234263,1,0
489,1.51093,0,1.87828,0.0021,1.525401471,0.00466935,1.502194855,0.434982239,1.702038059,0.004261823,1,0
490,1.5109,0,1.87727,0.00212,1.525229412,0.004705122,1.500973996,0.437653177,1.70154373,0.004289383,1,0
491,1.51087,0,1.87627,0.00213,1.525052941,0.004740894,1.499753137,0.440324114,1.701049402,0.004316943,1,0
492,1.51083,0,1.87526,0.00215,1.524876471,0.004776667,1.498532278,0.442995052,1.700555073,0.004344502,1,0
493,1.5108,0,1.87426,0.00217,1.5247,0.004812439,1.497311419,0.44566599,1.700060744,0.004372062,1,0
494,1.51077,0,1.87326,0.00218,1.524523529,0.004848211,1.49609056,0.448336928,1.699566416,0.004399622,1,0
495,1.51073,0,1.87226,0.0022,1.524347059,0.004883984,1.494869701,0.451007866,1.699072087,0.004427182,1,0
496,1.5107,0,1.87126,0.00221,1.524170588,0.004919756,1.493650418,0.453704731,1.698581269,0.004454805,1,0
497,1.51067,0,1.87025,0.00223,1.523994118,0.004955528,1.492454501,0.456785918,1.698142482,0.004483359,1,0
498,1.51064,0,1.86925,0.00224,1.523817647,0.004991301,1.491258583,0.459867105,1.697703696,0.004511913,1,0
499,1.51061,0,1.86825,0.00226,1.523641176,0.005027073,1.490062666,0.462948291,1.69726491,0.004540467,1,0
500,1.51057,0,1.86725,0.00228,1.523464706,0.005062846,1.488866748,0.466029478,1.696826124,0.004569021,1,0
501,1.51054,0,1.86625,0.00229,1.523288235,0.005098618,1.487670831,0.469110665,1.696387337,0.004597576,1,0
502,1.51051,0,1.86524,0.00231,1.523111765,0.00513439,1.486474913,0.472191852,1.695948551,0.00462613,1,0
503,1.51048,0,1.86424,0.00233,1.522935294,0.005170163,1.485278996,0.475273039,1.695509765,0.004654684,1,0
504,1.51044,0,1.86324,0.00234,1.522758824,0.005205935,1.484083078,0.478354226,1.695070978,0.004683238,1,0
505,1.51041,0,1.86224,0.00236,1.522582353,0.005241707,1.482887161,0.481435412,1.694632192,0.004711793,1,0
506,1.51038,0,1.86123,0.00238,1.522405882,0.00527748,1.481691244,0.484516599,1.694193406,0.004740347,1,0
507,1.51035,0,1.86023,0.00239,1.522234359,0.005313252,1.480576682,0.488081606,1.693798144,0.004770059,1,0
508,1.51031,0,1.85923,0.00241,1.522070256,0.005349024,1.47946712,0.491676347,1.693405558,0.004799842,1,0
509,1.51028,0,1.85823,0.00243,1.521906154,0.005384797,1.478357558,0.495271089,1.693012971,0.004829625,1,0
510,1.51025,0,1.85723,0.00245,1.521742051,0.005420569,1.477247996,0.49886583,1.692620385,0.004859408,1,0
511,1.51022,0,1.85622,0.00246,1.521577949,0.005456341,1.476138434,0.502460572,1.692227798,0.004889191,1,0
512,1.51019,0,1.85522,0.00248,1.521413846,0.005492114,1.475028872,0.506055313,1.691835212,0.004918974,1,0
513,1.51015,0,1.85422,0.0025,1.521249744,0.005536716,1.47391931,0.509650055,1.691442625,0.004948757,1,0
514,1.51012,0,1.85327,0.00252,1.521085641,0.005590147,1.472809749,0.513244796,1.691050039,0.00497854,1,0
515,1.51009,0,1.85232,0.00253,1.520921538,0.005643578,1.471700187,0.516839538,1.690657452,0.005008323,1,0
516,1.51006,0,1.85131,0.00255,1.520757436,0.00569701,1.470590625,0.520434279,1.690264866,0.005038106,1,0
517,1.51002,0,1.85031,0.00257,1.520593333,0.005750441,1.469559466,0.524286428,1.689887392,0.005068385,1,0
518,1.50999,0,1.84931,0.00259,1.520429231,0.005803873,1.468646306,0.528525977,1.689532664,0.005099409,1,0
519,1.50996,0,1.84831,0.0026,1.520265128,0.005857304,1.467733146,0.532765525,1.689177935,0.005130433,1,0
520,1.50993,0,1.84731,0.00262,1.520101026,0.005910735,1.466819986,0.537005074,1.688823206,0.005161457,1,0
521,1.5099,0,1.8463,0.00264,1.519936923,0.005964167,1.465906826,0.541244623,1.688468478,0.005192481,1,0
522,1.50986,0,1.84536,0.00266,1.519772821,0.006017598,1.464993666,0.545484172,1.688113749,0.005223505,1,0
523,1.50983,0,1.8444,0.00268,1.519608718,0.006071029,1.464080505,0.54972372,1.68775902,0.005254529,1,0
524,1.5098,0,1.8434,0.0027,1.519444615,0.006124461,1.463167345,0.553963269,1.687404292,0.005285553,1,0
525,1.50977,0,1.8424,0.00272,1.519280513,0.006177892,1.462254185,0.558202818,1.687049563,0.005316577,1,0
526,1.50974,0,1.84139,0.00273,1.51911641,0.006231324,1.461341025,0.562442367,1.686694834,0.005347601,1,0
527,1.50971,0,1.84039,0.00275,1.518967647,0.006284755,1.460427865,0.566681915,1.686340106,0.005378625,1,0
528,1.50968,0,1.83942,0.00277,1.518820588,0.006338186,1.459674466,0.571248278,1.685997979,0.005410188,1,0
529,1.50965,0,1.83848,0.00279,1.518673529,0.006391618,1.459153166,0.576289431,1.685674161,0.005442535,1,0
530,1.50962,0,1.83748,0.00281,1.518526471,0.006445049,1.458631866,0.581330584,1.685350343,0.005474882,1,0
531,1.50959,0,1.83648,0.00283,1.518379412,0.00649848,1.458110565,0.586371737,1.685026525,0.005507229,1,0
532,1.50956,0,1.83548,0.00285,1.518232353,0.006551912,1.457589265,0.59141289,1.684702707,0.005539576,1,0
533,1.50953,0,1.83448,0.00287,1.518085294,0.006605829,1.457067965,0.596454043,1.684378889,0.005571923,1,0
534,1.50951,0,1.83349,0.00289,1.517938235,0.006664118,1.456546665,0.601495196,1.68405507,0.005604269,1,0
535,1.50948,0,1.83254,0.00291,1.517791176,0.006722406,1.456025365,0.606536349,1.683731252,0.005636616,1,0
536,1.50945,0,1.83157,0.00293,1.517644118,0.006780695,1.455504065,0.611577502,1.683407434,0.005668963,1,0
537,1.50942,0,1.83057,0.00295,1.517497059,0.006838984,1.454982765,0.616618655,1.683083616,0.00570131,1,0
538,1.50939,0,1.82957,0.00297,1.51735,0.006897273,1.454461464,0.621659808,1.682759798,0.005733657,1,0
539,1.50936,0,1.82857,0.00299,1.517202941,0.006955561,1.453940164,0.626700961,1.68243598,0.005766004,1,0
540,1.50933,0,1.82756,0.00301,1.517055882,0.00701385,1.4541104,0.632642771,1.682135742,0.005799645,1,0
541,1.5093,0,1.82661,0.00303,1.516908824,0.007072139,1.454326109,0.638643806,1.681837055,0.00583337,1,0
542,1.50927,0,1.82566,0.00305,1.516761765,0.007130428,1.454541818,0.644644842,1.681538368,0.005867095,1,0
543,1.50924,0,1.82465,0.00307,1.516614706,0.007188717,1.454757527,0.650645877,1.681239681,0.005900821,1,0
544,1.50921,0,1.82365,0.00309,1.516467647,0.007247005,1.454973236,0.656646912,1.680940995,0.005934546,1,0
545,1.50918,0,1.82265,0.00311,1.516320588,0.007305294,1.455188945,0.662647947,1.680642308,0.005968272,1,0
546,1.50915,0,1.82171,0.00314,1.516173529,0.007363583,1.455404654,0.668648982,1.680343621,0.006001997,1,0
547,1.50912,0,1.82075,0.00316,1.516014439,0.007421872,1.455620363,0.674650017,1.680044934,0.006035722,1,0
548,1.50909,0,1.81974,0.00318,1.515843316,0.00748016,1.455836072,0.680651052,1.679746247,0.006069448,1,0
549,1.50906,0,1.81874,0.0032,1.515672193,0.007538449,1.456051781,0.686652087,1.67944756,0.006103173,1,0
550,1.50903,0,1.81774,0.00322,1.51550107,0.007596738,1.45626749,0.692653123,1.679148873,0.006136899,1,0
551,1.509,0,1.81674,0.00324,1.515329947,0.007655027,1.456483199,0.698654158,1.678850186,0.006170624,1,0
552,1.50897,0,1.81574,0.00327,1.515158824,0.007710471,1.457971351,0.70564435,1.678571005,0.00620593,1,0
553,1.50894,0,1.81473,0.00329,1.514987701,0.007761647,1.459513627,0.712676617,1.678292652,0.006241303,1,0
554,1.50891,0,1.81379,0.00331,1.514816578,0.007812824,1.461055903,0.719708884,1.6780143,0.006276676,1,0
555,1.50888,0,1.81283,0.00333,1.514645455,0.007864,1.462598179,0.726741151,1.677735948,0.006312049,1,0
556,1.50886,0,1.81182,0.00335,1.514474332,0.007915176,1.464140454,0.733773418,1.677457596,0.006347421,1,0
557,1.50884,0,1.81082,0.00338,1.514303209,0.007966353,1.46568273,0.740805684,1.677179243,0.006382794,1,0
558,1.50881,0,1.80982,0.0034,1.514132086,0.008017529,1.467225006,0.747837951,1.676900891,0.006418167,1,0
559,1.50879,0,1.80882,0.00342,1.513960963,0.008068706,1.468767282,0.754870218,1.676622539,0.00645354,1,0
560,1.50876,0,1.80782,0.00344,1.51378984,0.008119882,1.470309558,0.761902485,1.676344187,0.006488913,1,0
561,1.50874,0,1.80681,0.00347,1.513618717,0.008171059,1.471851834,0.768934752,1.676065834,0.006524286,1,0
562,1.50872,0,1.80587,0.00349,1.513447594,0.008222235,1.473394109,0.775967019,1.675787482,0.006559659,1,0
563,1.50869,0,1.80491,0.00351,1.513276471,0.008273412,1.474936385,0.782999285,1.67550913,0.006595032,1,0
564,1.50867,0,1.8039,0.00354,1.513105348,0.008324588,1.477457142,0.79036731,1.675237859,0.006631083,1,0
565,1.50864,0,1.8029,0.00356,1.512934225,0.008375765,1.481246218,0.798170546,1.674975767,0.006668012,1,0
566,1.50862,0,1.8019,0.00358,1.512790196,0.008426941,1.485035293,0.805973783,1.674713676,0.006704941,1,0
567,1.5086,0,1.8009,0.00361,1.512652941,0.008478118,1.488824368,0.81377702,1.674451584,0.006741871,1,0
568,1.50857,0,1.7999,0.00363,1.512515686,0.008529294,1.492613444,0.821580256,1.674189492,0.0067788,1,0
569,1.50855,0,1.79889,0.00366,1.512378431,0.008586872,1.496402519,0.829383493,1.673927401,0.00681573,1,0
570,1.50852,0,1.79789,0.00368,1.512241176,0.008654051,1.500191594,0.83718673,1.673665309,0.006852659,1,0
571,1.5085,0,1.79689,0.0037,1.512103922,0.008721231,1.50398067,0.844989966,1.673403217,0.006889588,1,0
572,1.50848,0,1.79588,0.00373,1.511966667,0.00878841,1.507769745,0.852793203,1.673141125,0.006926518,1,0
573,1.50845,0,1.79488,0.00375,1.511829412,0.00885559,1.51155882,0.86059644,1.672879034,0.006963447,1,0
574,1.50843,0,1.79388,0.00378,1.511692157,0.008922769,1.515347895,0.868399676,1.672616942,0.007000376,1,0
575,1.5084,0,1.79287,0.0038,1.511554902,0.008989949,1.519136971,0.876202913,1.67235485,0.007037306,1,0
576,1.50838,0,1.79187,0.00383,1.511417647,0.009057128,1.522926046,0.884006149,1.672092759,0.007074235,1,0
577,1.50836,0,1.79087,0.00385,1.511280392,0.009124308,1.52781814,0.891699826,1.671835,0.007111787,1,0
578,1.50833,0,1.78987,0.00388,1.511143137,0.009191487,1.534955785,0.899170456,1.671586061,0.007150606,1,0
579,1.50831,0,1.78887,0.0039,1.511005882,0.009258667,1.542093429,0.906641087,1.671337123,0.007189426,1,0
580,1.50828,0,1.78786,0.00393,1.510868627,0.009325846,1.549231074,0.914111718,1.671088184,0.007228245,1,0
581,1.50826,0,1.78686,0.00395,1.510731373,0.009393026,1.556368718,0.921582348,1.670839246,0.007267064,1,0
582,1.50824,0,1.78586,0.00398,1.510594118,0.009460205,1.563506362,0.929052979,1.670590307,0.007305883,1,0
583,1.50821,0,1.78485,0.00401,1.510456863,0.009527385,1.570644007,0.93652361,1.670341369,0.007344703,1,0
584,1.50819,0,1.78385,0.00403,1.510319608,0.009594564,1.577781651,0.94399424,1.67009243,0.007383522,1,0
585,1.50816,0,1.78285,0.00406,1.510182353,0.009661744,1.584919296,0.951464871,1.669843492,0.007422341,1,0
586,1.50814,0,1.78184,0.00408,1.510040611,0.009728923,1.59205694,0.958935502,1.669594553,0.00746116,1,0
587,1.50812,0,1.78084,0.00411,1.50989214,0.009796103,1.599194585,0.966406132,1.669345615,0.00749998,1,0
588,1.50809,0,1.77984,0.00414,1.509743668,0.009863282,1.606332229,0.973876763,1.669096676,0.007538799,1,0
589,1.50807,0,1.77883,0.00416,1.509595197,0.00993573,1.613469874,0.981347394,1.668847738,0.007577618,1,0
590,1.50804,0,1.77783,0.00419,1.509446725,0.010008764,1.620607518,0.988818024,1.668598799,0.007616437,1,0
591,1.50802,0,1.77683,0.00422,1.509298253,0.010081798,1.629948391,0.994612669,1.668356006,0.00765638,1,0
592,1.508,0,1.77583,0.00425,1.509149782,0.010154831,1.6407636,0.999285794,1.668117326,0.007697074,1,0
593,1.50797,0,1.77482,0.00427,1.50900131,0.010227865,1.651578808,1.003958919,1.667878645,0.007737769,1,0
594,1.50795,0,1.77375,0.0043,1.508852838,0.010300899,1.662394016,1.008632044,1.667639965,0.007778463,1,0
595,1.50793,0,1.77272,0.00433,1.508704367,0.010373933,1.673209225,1.013305169,1.667401284,0.007819158,1,0
596,1.50791,0,1.77171,0.00436,1.508555895,0.010446966,1.684024433,1.017978294,1.667162604,0.007859852,1,0
597,1.50789,0,1.77071,0.00438,1.508407424,0.01052,1.694839641,1.022651419,1.666923923,0.007900547,1,0
598,1.50786,0,1.76971,0.00441,1.508258952,0.010593034,1.70565485,1.027324544,1.666685243,0.007941241,1,0
599,1.50784,0,1.76871,0.00444,1.50811048,0.010666067,1.716470058,1.031997669,1.666446562,0.007981936,1,0
600,1.50782,0,1.76766,0.00447,1.507962009,0.010739101,1.727285266,1.036670794,1.666207881,0.00802263,1,0
601,1.5078,0,1.7666,0.0045,1.507813537,0.010812135,1.738100475,1.041343919,1.665969201,0.008063324,1,0
602,1.50778,0,1.7656,0.00453,1.507665066,0.010885169,1.748915683,1.046017044,1.66573052,0.008104019,1,0
603,1.50776,0,1.7646,0.00455,1.507516594,0.010958202,1.759730891,1.050690169,1.66549184,0.008144713,1,0
604,1.50774,0,1.76359,0.00458,1.507368122,0.011031236,1.7705461,1.055363294,1.665253159,0.008185408,1,0
605,1.50771,0,1.76253,0.00461,1.507219651,0.01110427,1.781640691,1.058908534,1.665016097,0.00822652,1,0
606,1.50769,0,1.76149,0.00464,1.507071179,0.011177706,1.793859129,1.057916742,1.664785543,0.00826931,1,0
607,1.50767,0,1.76048,0.00467,1.506922707,0.011254765,1.806077566,1.056924949,1.664554989,0.008312101,1,0
608,1.50765,0,1.75943,0.0047,1.506774236,0.011331824,1.818296004,1.055933157,1.664324435,0.008354892,1,0
609,1.50763,0,1.75838,0.00473,1.506628344,0.011408882,1.830514442,1.054941365,1.664093881,0.008397683,1,0
610,1.50761,0,1.75737,0.00476,1.506485032,0.011485941,1.842732879,1.053949572,1.663863327,0.008440473,1,0
611,1.50758,0,1.75634,0.00479,1.50634172,0.011563,1.854951317,1.05295778,1.663632773,0.008483264,1,0
612,1.50756,0,1.75528,0.00482,1.506198408,0.011640059,1.867169755,1.051965987,1.663402218,0.008526055,1,0
613,1.50754,0,1.75426,0.00485,1.506055096,0.011717118,1.879388193,1.050974195,1.663171664,0.008568845,1,0
614,1.50752,0,1.75324,0.00488,1.505911783,0.011794176,1.89160663,1.049982403,1.66294111,0.008611636,1,0
615,1.5075,0,1.75217,0.00491,1.505768471,0.011871235,1.903825068,1.04899061,1.662710556,0.008654427,1,0
616,1.50748,0,1.75115,0.00495,1.505625159,0.011948294,1.916043506,1.047998818,1.662480002,0.008697218,1,0
617,1.50746,0,1.75014,0.00498,1.505481847,0.012025353,1.928261943,1.047007026,1.662249448,0.008740008,1,0
618,1.50743,0,1.74907,0.00501,1.505338535,0.012102412,1.940480381,1.046015233,1.662018894,0.008782799,1,0
619,1.50741,0,1.74804,0.00504,1.505195223,0.012179471,1.952698819,1.045023441,1.66178834,0.00882559,1,0
620,1.50739,0,1.74704,0.00507,1.505051911,0.012256529,1.96466153,1.043593595,1.661558267,0.008868559,1,0
621,1.50737,0,1.74597,0.0051,1.504908599,0.012333588,1.973642927,1.03705682,1.661333798,0.008913603,1,0
622,1.50735,0,1.74491,0.00514,1.504765287,0.012410647,1.982624324,1.030520045,1.661109329,0.008958648,1,0
623,1.50733,0,1.74385,0.00517,1.504621975,0.012488128,1.991605721,1.02398327,1.66088486,0.009003693,1,0
624,1.5073,0,1.74278,0.0052,1.504478662,0.012569412,2.000587118,1.017446495,1.660660391,0.009048738,1,0
625,1.50728,0,1.74172,0.00523,1.50433535,0.012650695,2.009568515,1.01090972,1.660435923,0.009093782,1,0
626,1.50726,0,1.74072,0.00527,1.504192038,0.012731979,2.018549912,1.004372945,1.660211454,0.009138827,1,0
627,1.50724,0,1.73968,0.0053,1.504048726,0.012813262,2.027531309,0.99783617,1.659986985,0.009183872,1,0
628,1.50722,0,1.73861,0.00533,1.503905414,0.012894545,2.036512706,0.991299395,1.659762516,0.009228917,1,0
629,1.5072,0,1.73755,0.00536,1.503762102,0.012975829,2.045494104,0.98476262,1.659538047,0.009273961,1,0
630,1.50718,0,1.73648,0.0054,1.50361879,0.013057112,2.054475501,0.978225845,1.659313578,0.009319006,1,0
631,1.50715,0,1.73541,0.00543,1.503475478,0.013138396,2.063456898,0.97168907,1.659089109,0.009364051,1,0
632,1.50713,0,1.73434,0.00547,1.503332166,0.013219679,2.072438295,0.965152295,1.658864641,0.009409096,1,0
633,1.50711,0,1.73328,0.0055,1.503188854,0.013300963,2.081419692,0.958615519,1.658640172,0.00945414,1,0
634,1.50709,0,1.73221,0.00553,1.503045541,0.013382246,2.090401089,0.952078744,1.658415703,0.009499185,1,0
635,1.50707,0,1.73115,0.00557,1.502902229,0.013463529,2.099382486,0.945541969,1.658191234,0.00954423,1,0
636,1.50706,0,1.73008,0.0056,1.502758917,0.013544813,2.107291007,0.938734213,1.657967609,0.009589728,1,0
637,1.50704,0,1.72902,0.00564,1.502615605,0.013626096,2.110432035,0.930722308,1.657747732,0.009637242,1,0
638,1.50703,0,1.72795,0.00567,1.502472293,0.01370738,2.113573064,0.922710402,1.657527855,0.009684755,1,0
639,1.50701,0,1.72688,0.00571,1.502328981,0.013788663,2.116714092,0.914698497,1.657307978,0.009732269,1,0
640,1.507,0,1.72582,0.00574,1.502185027,0.013869947,2.11985512,0.906686592,1.657088102,0.009779782,1,0
641,1.50698,0,1.72475,0.00578,1.502035294,0.01395123,2.122996149,0.898674687,1.656868225,0.009827296,1,0
642,1.50697,0,1.72369,0.00581,1.501885561,0.014031179,2.126137177,0.890662781,1.656648348,0.009874809,1,0
643,1.50695,0,1.72262,0.00585,1.501735829,0.014109128,2.129278205,0.882650876,1.656428471,0.009922322,1,0
644,1.50694,0,1.72155,0.00589,1.501586096,0.014187077,2.132419233,0.874638971,1.656208595,0.009969836,1,0
645,1.50692,0,1.72048,0.00592,1.501436364,0.014265026,2.135560262,0.866627066,1.655988718,0.010017349,1,0
646,1.50691,0,1.71942,0.00596,1.501286631,0.014342974,2.13870129,0.85861516,1.655768841,0.010064863,1,0
647,1.50689,0,1.71835,0.006,1.501136898,0.014420923,2.141842318,0.850603255,1.655548964,0.010112376,1,0
648,1.50688,0,1.71723,0.00603,1.500987166,0.014498872,2.144983347,0.84259135,1.655329087,0.01015989,1,0
649,1.50686,0,1.71612,0.00607,1.500837433,0.014576821,2.148124375,0.834579445,1.655109211,0.010207403,1,0
650,1.50685,0,1.71505,0.00611,1.500687701,0.014654769,2.151265403,0.826567539,1.654889334,0.010254917,1,0
651,1.50683,0,1.71399,0.00614,1.500537968,0.014732718,2.154406432,0.818555634,1.654669457,0.01030243,1,0
652,1.50682,0,1.71291,0.00618,1.500388235,0.014810667,2.15754746,0.810543729,1.65444958,0.010349944,1,0
653,1.5068,0,1.71178,0.00622,1.500238503,0.014888615,2.158694861,0.803602932,1.654231159,0.010398661,1,0
654,1.50679,0,1.71069,0.00626,1.50008877,0.014966564,2.157421301,0.797962836,1.654014505,0.010448842,1,0
655,1.50677,0,1.70962,0.0063,1.499939037,0.015044513,2.156147742,0.792322739,1.653797851,0.010499022,1,0
656,1.50676,0,1.70855,0.00634,1.499789305,0.015122462,2.154874183,0.786682643,1.653581196,0.010549202,1,0
657,1.50674,0,1.70746,0.00637,1.499639572,0.01520041,2.153600624,0.781042546,1.653364542,0.010599383,1,0
658,1.50673,0,1.70634,0.00641,1.49948984,0.015278359,2.152327065,0.775402449,1.653147888,0.010649563,1,0
659,1.50671,0,1.70525,0.00645,1.499341176,0.015356308,2.151053505,0.769762353,1.652931234,0.010699743,1,0
660,1.5067,0,1.70418,0.00649,1.499194118,0.015434256,2.149779946,0.764122256,1.65271458,0.010749924,1,0
661,1.50668,0,1.70304,0.00653,1.499047059,0.015512205,2.148506387,0.758482159,1.652497925,0.010800104,1,0
662,1.50667,0,1.70192,0.00657,1.4989,0.015611588,2.147232828,0.752842063,1.652281271,0.010850284,1,0
663,1.50665,0,1.70079,0.00661,1.498752941,0.015713353,2.145959268,0.747201966,1.652064617,0.010900465,1,0
664,1.50664,0,1.69972,0.00665,1.498605882,0.015815118,2.144685709,0.74156187,1.651847963,0.010950645,1,0
665,1.50662,0,1.69863,0.00669,1.498458824,0.015916882,2.14341215,0.735921773,1.651631309,0.011000825,1,0
666,1.50661,0,1.69749,0.00673,1.498311765,0.016018647,2.142138591,0.730281676,1.651414654,0.011051005,1,0
667,1.50659,0,1.69637,0.00677,1.498164706,0.016120412,2.140865031,0.72464158,1.651198,0.011101186,1,0
668,1.50658,0,1.69525,0.00681,1.498017647,0.016222176,2.139591472,0.719001483,1.650981346,0.011151366,1,0
669,1.50656,0,1.69418,0.00686,1.497870588,0.016323941,2.138317913,0.713361386,1.650764692,0.011201546,1,0
670,1.50655,0,1.69308,0.0069,1.497723529,0.016425706,2.137044354,0.70772129,1.650548038,0.011251727,1,0
671,1.50653,0,1.69194,0.00694,1.497576471,0.016527471,2.13434426,0.705083351,1.650333192,0.011304264,1,0
672,1.50652,0,1.69082,0.00698,1.497429412,0.016629235,2.13132078,0.703125981,1.650118756,0.011357336,1,0
673,1.5065,0,1.68969,0.00702,1.497282353,0.016731,2.128297301,0.70116861,1.649904321,0.011410408,1,0
674,1.50649,0,1.68856,0.00707,1.497135294,0.016832765,2.125273821,0.699211239,1.649689885,0.011463479,1,0
675,1.50647,0,1.68743,0.00711,1.496988235,0.016934529,2.122250342,0.697253869,1.649475449,0.011516551,1,0
676,1.50646,0,1.6863,0.00715,1.496841176,0.017036294,2.119226862,0.695296498,1.649261013,0.011569623,1,0
677,1.50645,0,1.68517,0.00719,1.496694118,0.017138059,2.116203383,0.693339127,1.649046578,0.011622695,1,0
678,1.50643,0,1.68404,0.00724,1.496547059,0.017239824,2.113179904,0.691381757,1.648832142,0.011675767,1,0
679,1.50642,0,1.68291,0.00728,1.4964,0.017348547,2.110156424,0.689424386,1.648617706,0.011728838,1,0
680,1.5064,0,1.68178,0.00733,1.496264253,0.017458045,2.107132945,0.687467015,1.64840327,0.01178191,1,0
681,1.50639,0,1.68065,0.00737,1.496128507,0.017567542,2.104109465,0.685509644,1.648188835,0.011834982,1,0
682,1.50637,0,1.67952,0.00741,1.49599276,0.017677039,2.101085986,0.683552274,1.647974399,0.011888054,1,0
683,1.50636,0,1.67839,0.00746,1.495857014,0.017786536,2.098062506,0.681594903,1.647759963,0.011941125,1,0
684,1.50634,0,1.67726,0.0075,1.495721267,0.017896034,2.095039027,0.679637532,1.647545527,0.011994197,1,0
685,1.50633,0,1.67613,0.00755,1.49558552,0.018005531,2.092015548,0.677680162,1.647331092,0.012047269,1,0
686,1.50632,0,1.67496,0.00759,1.495449774,0.018115028,2.088992068,0.675722791,1.647116656,0.012100341,1,0
687,1.50631,0,1.67377,0.00764,1.495314027,0.018224525,2.085968589,0.67376542,1.64690222,0.012153412,1,0
688,1.5063,0,1.67264,0.00769,1.495178281,0.018334022,2.082945109,0.67180805,1.646687784,0.012206484,1,0
689,1.50629,0,1.67151,0.00773,1.495042534,0.01844352,2.079980522,0.670585953,1.646473592,0.012260178,1,0
690,1.50628,0,1.67038,0.00778,1.494906787,0.018553017,2.077253134,0.672325282,1.646260381,0.012316377,1,0
691,1.50627,0,1.6692,0.00783,1.494771041,0.018662514,2.074525746,0.674064611,1.646047169,0.012372576,1,0
692,1.50626,0,1.66802,0.00787,1.494635294,0.018772011,2.071798358,0.67580394,1.645833958,0.012428776,1,0
693,1.50625,0,1.66689,0.00792,1.494499548,0.018881508,2.06907097,0.67754327,1.645620747,0.012484975,1,0
694,1.50624,0,1.66576,0.00797,1.494363801,0.018991006,2.066343581,0.679282599,1.645407535,0.012541174,1,0
695,1.50623,0,1.66463,0.00801,1.494228054,0.019100503,2.063616193,0.681021928,1.645194324,0.012597373,1,0
696,1.50622,0,1.66343,0.00806,1.494092308,0.01921,2.060888805,0.682761257,1.644981113,0.012653572,1,0
697,1.50621,0,1.66227,0.00811,1.493956561,0.019331348,2.058161417,0.684500587,1.644767901,0.012709772,1,0
698,1.5062,0,1.66114,0.00816,1.493820814,0.019452697,2.055434029,0.686239916,1.64455469,0.012765971,1,0
699,1.50619,0,1.65995,0.00821,1.493685068,0.019574045,2.05270664,0.687979245,1.644341478,0.01282217,1,0
700,1.50618,0,1.65875,0.00826,1.493549321,0.019695393,2.049979252,0.689718575,1.644128267,0.012878369,1,0
701,1.50617,0,1.65756,0.00831,1.493413575,0.019816742,2.047251864,0.691457904,1.643915056,0.012934568,1,0
702,1.50616,0,1.65641,0.00836,1.493274236,0.01993809,2.044524476,0.693197233,1.643701844,0.012990767,1,0
703,1.50615,0,1.65528,0.0084,1.493134498,0.020059438,2.041797088,0.694936562,1.643488633,0.013046967,1,0
704,1.50614,0,1.65409,0.00846,1.49299476,0.020180787,2.039069699,0.696675892,1.643275422,0.013103166,1,0
705,1.50613,0,1.65289,0.00851,1.492855022,0.020302135,2.036342311,0.698415221,1.64306221,0.013159365,1,0
706,1.50612,0,1.6517,0.00856,1.492715284,0.020423483,2.033614923,0.70015455,1.642848999,0.013215564,1,0
707,1.50611,0,1.6505,0.00861,1.492575546,0.020544831,2.030887535,0.701893879,1.642635787,0.013271763,1,0
708,1.5061,0,1.64931,0.00866,1.492435808,0.02066618,2.028160146,0.703633209,1.642422576,0.013327963,1,0
709,1.50609,0,1.64811,0.00871,1.49229607,0.020787528,2.026609787,0.707256196,1.642209634,0.013385978,1,0
710,1.50608,0,1.64692,0.00876,1.492156332,0.020908876,2.026150713,0.712625625,1.641996941,0.013445678,1,0
711,1.50607,0,1.64573,0.00881,1.492016594,0.021030225,2.025691639,0.717995053,1.641784249,0.013505378,1,0
712,1.50606,0,1.64454,0.00887,1.491876856,0.021151573,2.025232565,0.723364481,1.641571557,0.013565078,1,0
713,1.50605,0,1.64334,0.00892,1.491737118,0.021272921,2.024773491,0.72873391,1.641358864,0.013624777,1,0
714,1.50604,0,1.64215,0.00897,1.49159738,0.021394167,2.024314417,0.734103338,1.641146172,0.013684477,1,0
715,1.50603,0,1.64095,0.00902,1.491457642,0.021515,2.023855343,0.739472766,1.640933479,0.013744177,1,0
716,1.50602,0,1.63976,0.00908,1.491317904,0.021635833,2.023396269,0.744842195,1.640720787,0.013803877,1,0
717,1.50601,0,1.63856,0.00913,1.491178166,0.021756667,2.022937195,0.750211623,1.640508094,0.013863576,1,0
718,1.506,0,1.63737,0.00919,1.491038428,0.0218775,2.022478121,0.755581051,1.640295402,0.013923276,1,0
719,1.50599,0,1.63618,0.00924,1.49089869,0.021998333,2.022019047,0.76095048,1.640082709,0.013982976,1,0
720,1.50598,0,1.63499,0.00929,1.490758952,0.022119167,2.021559973,0.766319908,1.639870017,0.014042676,1,0
721,1.50597,0,1.63376,0.00935,1.490619214,0.02224,2.021100899,0.771689336,1.639657325,0.014102375,1,0
722,1.50596,0,1.6325,0.0094,1.490479476,0.022360833,2.020641825,0.777058765,1.639444632,0.014162075,1,0
723,1.50595,0,1.6313,0.00946,1.490339738,0.022481667,2.020182751,0.782428193,1.63923194,0.014221775,1,0
724,1.50594,0,1.63008,0.00952,1.4902,0.0226025,2.019723677,0.787797621,1.639019247,0.014281475,1,0
725,1.50593,0,1.62883,0.00957,1.490064253,0.022723333,2.019264603,0.79316705,1.638806555,0.014341175,1,0
726,1.50592,0,1.62762,0.00963,1.489928507,0.022844167,2.018805529,0.798536478,1.638593862,0.014400874,1,0
727,1.50591,0,1.62641,0.00969,1.48979276,0.022965,2.018346455,0.803905907,1.63838117,0.014460574,1,0
728,1.5059,0,1.62515,0.00974,1.489657014,0.023085833,2.017887381,0.809275335,1.638168478,0.014520274,1,0
729,1.50589,0,1.62394,0.0098,1.489521267,0.023205448,2.017428307,0.814644763,1.637955785,0.014579974,1,0
730,1.50588,0,1.62274,0.00986,1.48938552,0.023324759,2.020989744,0.821850335,1.63774302,0.014642251,1,0
731,1.50587,0,1.62148,0.00992,1.489249774,0.023444069,2.026431904,0.829914822,1.63753022,0.014705733,1,0
732,1.50586,0,1.62025,0.00997,1.489114027,0.023563379,2.031874063,0.837979309,1.63731742,0.014769215,1,0
733,1.50586,0,1.61905,0.01003,1.488978281,0.02368269,2.037316223,0.846043796,1.637104621,0.014832698,1,0
734,1.50585,0,1.6178,0.01009,1.488842534,0.023802,2.042758383,0.854108283,1.636891821,0.01489618,1,0
735,1.50584,0,1.61655,0.01015,1.488706787,0.02392131,2.048200543,0.86217277,1.636679021,0.014959663,1,0
736,1.50583,0,1.6153,0.01021,1.488571041,0.024040621,2.053642703,0.870237257,1.636466222,0.015023145,1,0
737,1.50582,0,1.61405,0.01027,1.488435294,0.024159931,2.059084863,0.878301744,1.636253422,0.015086628,1,0
738,1.50581,0,1.61279,0.01033,1.488299548,0.024279241,2.064527023,0.88636623,1.636040622,0.01515011,1,0
739,1.5058,0,1.61153,0.01039,1.488163801,0.024398552,2.069969183,0.894430717,1.635827823,0.015213593,1,0
740,1.50579,0,1.61027,0.01045,1.488028054,0.024517862,2.075411343,0.902495204,1.635615023,0.015277075,1,0
741,1.50578,0,1.60901,0.01051,1.487892308,0.024637172,2.080853503,0.910559691,1.635402223,0.015340557,1,0
742,1.50576,0,1.60776,0.01058,1.487756561,0.024756483,2.086295663,0.918624178,1.635189424,0.01540404,1,0
743,1.50575,0,1.6065,0.01064,1.487620814,0.024889765,2.091737823,0.926688665,1.634976624,0.015467522,1,0
744,1.50574,0,1.60524,0.0107,1.487485068,0.025055647,2.097179983,0.934753152,1.634763824,0.015531005,1,0
745,1.50573,0,1.60398,0.01076,1.487349321,0.025221529,2.102622143,0.942817639,1.634551025,0.015594487,1,0
746,1.50572,0,1.60272,0.01083,1.487213575,0.025387412,2.108064303,0.950882126,1.634338225,0.01565797,1,0
747,1.50571,0,1.60147,0.01089,1.487084286,0.025553294,2.113506463,0.958946613,1.634125426,0.015721452,1,0
748,1.5057,0,1.60021,0.01095,1.486955714,0.025719176,2.118948623,0.9670111,1.633912626,0.015784934,1,0
749,1.50569,0,1.59895,0.01102,1.486827143,0.025885059,2.124390782,0.975075587,1.633699826,0.015848417,1,0
750,1.50568,0,1.59769,0.01108,1.486698571,0.026050941,2.129832942,0.983140074,1.633487027,0.015911899,1,0
751,1.50566,0,1.59641,0.01115,1.48657,0.026216824,2.135275102,0.991204561,1.633274227,0.015975382,1,0
752,1.50565,0,1.59509,0.01121,1.486441429,0.026382706,2.146641549,0.996487416,1.633061104,0.016041295,1,0
753,1.50564,0,1.59382,0.01128,1.486312857,0.026548588,2.162285683,0.999761768,1.632847748,0.016108965,1,0
754,1.50563,0,1.59255,0.01134,1.486184286,0.026714471,2.177929818,1.00303612,1.632634393,0.016176634,1,0
755,1.50562,0,1.59123,0.01141,1.486055714,0.026880353,2.193573952,1.006310471,1.632421037,0.016244303,1,0
756,1.50561,0,1.58995,0.01148,1.485927143,0.027046235,2.209218087,1.009584823,1.632207681,0.016311972,1,0
757,1.5056,0,1.58868,0.01154,1.485798571,0.027212118,2.224862221,1.012859175,1.631994325,0.016379641,1,0
758,1.50559,0,1.58737,0.01161,1.48567,0.027378,2.240506355,1.016133526,1.631780969,0.01644731,1,0
759,1.50558,0,1.58607,0.01168,1.485541429,0.027543882,2.25615049,1.019407878,1.631567614,0.016514979,1,0
760,1.50556,0,1.58482,0.01175,1.485412857,0.027703333,2.271794624,1.02268223,1.631354258,0.016582649,1,0
761,1.50555,0,1.5835,0.01181,1.485284286,0.027847778,2.287438759,1.025956582,1.631140902,0.016650318,1,0
762,1.50554,0,1.58218,0.01188,1.485155714,0.027992222,2.303082893,1.029230933,1.630927546,0.016717987,1,0
763,1.50553,0,1.58086,0.01195,1.485027143,0.028136667,2.318727027,1.032505285,1.63071419,0.016785656,1,0
764,1.50552,0,1.57954,0.01202,1.484898571,0.028281111,2.334371162,1.035779637,1.630500834,0.016853325,1,0
765,1.50551,0,1.57822,0.01209,1.48477,0.028425556,2.350015296,1.039053989,1.630287479,0.016920994,1,0
766,1.5055,0,1.5769,0.01216,1.484641429,0.02857,2.365659431,1.04232834,1.630074123,0.016988663,1,0
767,1.50549,0,1.57561,0.01223,1.484512857,0.028714444,2.381303565,1.045602692,1.629860767,0.017056333,1,0
768,1.50547,0,1.57435,0.0123,1.484384286,0.028858889,2.3969477,1.048877044,1.629647411,0.017124002,1,0
769,1.50546,0,1.57304,0.01238,1.484255714,0.029003333,2.412591834,1.052151396,1.629434055,0.017191671,1,0
770,1.50545,0,1.57169,0.01245,1.484127143,0.029147778,2.428235968,1.055425747,1.6292207,0.01725934,1,0
771,1.50544,0,1.5703,0.01252,1.483998571,0.029292222,2.443880103,1.058700099,1.629007344,0.017327009,1,0
772,1.50543,0,1.56896,0.01259,1.48387,0.029436667,2.459524237,1.061974451,1.628793988,0.017394678,1,0
773,1.50542,0,1.56764,0.01267,1.483741429,0.029581111,2.475168372,1.065248802,1.628580632,0.017462347,1,0
774,1.50541,0,1.56632,0.01274,1.483612857,0.029738511,2.490812506,1.068523154,1.628367276,0.017530017,1,0
775,1.5054,0,1.565,0.01282,1.483481818,0.029899149,2.506336471,1.070163689,1.628153842,0.017598134,1,0
776,1.50539,0,1.56368,0.01289,1.483350505,0.030059787,2.520764318,1.056901431,1.627939695,0.017670344,1,0
777,1.50539,0,1.56236,0.01296,1.483219192,0.030220426,2.535192165,1.043639174,1.627725547,0.017742553,1,0
778,1.50538,0,1.56102,0.01304,1.483087879,0.030381064,2.549620012,1.030376916,1.6275114,0.017814762,1,0
779,1.50538,0,1.55963,0.01312,1.482956566,0.030541702,2.564047858,1.017114659,1.627297253,0.017886971,1,0
780,1.50538,0,1.5583,0.01319,1.482825253,0.03070234,2.578475705,1.003852401,1.627083105,0.01795918,1,0
781,1.50538,0,1.55697,0.01327,1.482693939,0.030862979,2.592903552,0.990590144,1.626868958,0.01803139,1,0
782,1.50538,0,1.55558,0.01335,1.482562626,0.031023617,2.607331399,0.977327886,1.62665481,0.018103599,1,0
783,1.50538,0,1.55423,0.01342,1.482431313,0.031183824,2.621759245,0.964065628,1.626440663,0.018175808,1,0
784,1.50537,0,1.55291,0.0135,1.4823,0.031343382,2.636187092,0.950803371,1.626226516,0.018248017,1,0
785,1.50537,0,1.55152,0.01358,1.482168687,0.031502941,2.650614939,0.937541113,1.626012368,0.018320227,1,0
786,1.50537,0,1.55013,0.01366,1.482037374,0.0316625,2.665042786,0.924278856,1.625798221,0.018392436,1,0
787,1.50537,0,1.54875,0.01374,1.481906061,0.031822059,2.679470632,0.911016598,1.625584073,0.018464645,1,0
788,1.50537,0,1.54742,0.01382,1.481774747,0.031981618,2.693898479,0.897754341,1.625369926,0.018536854,1,0
789,1.50536,0,1.54608,0.0139,1.481643434,0.032141176,2.708326326,0.884492083,1.625155778,0.018609064,1,0
790,1.50536,0,1.5447,0.01398,1.481512121,0.032300735,2.722754173,0.871229825,1.624941631,0.018681273,1,0
791,1.50536,0,1.54331,0.01406,1.481380808,0.032460294,2.737182019,0.857967568,1.624727484,0.018753482,1,0
792,1.50536,0,1.54193,0.01414,1.481249495,0.032619853,2.751609866,0.84470531,1.624513336,0.018825691,1,0
793,1.50536,0,1.54055,0.01422,1.481118182,0.032779412,2.766037713,0.831443053,1.624299189,0.018897901,1,0
794,1.50536,0,1.53916,0.01431,1.480986869,0.032938971,2.78046556,0.818180795,1.624085041,0.01897011,1,0
795,1.50535,0,1.53777,0.01439,1.480855556,0.033098529,2.794893407,0.804918538,1.623870894,0.019042319,1,0
796,1.50535,0,1.53638,0.01447,1.480724242,0.033258088,2.809321253,0.79165628,1.623656747,0.019114528,1,0
797,1.50535,0,1.535,0.01456,1.480592929,0.033439921,2.8237491,0.778394022,1.623442599,0.019186738,1,0
798,1.50535,0,1.53362,0.01464,1.480461616,0.033627323,2.838176947,0.765131765,1.623228452,0.019258947,1,0
799,1.50535,0,1.53223,0.01472,1.480330303,0.033814724,2.852604794,0.751869507,1.623014304,0.019331156,1,0
800,1.50534,0,1.53084,0.01481,1.48019899,0.034002126,2.865425509,0.73835477,1.622800053,0.019403888,1,0
801,1.50534,0,1.52939,0.0149,1.480067677,0.034189528,2.864097166,0.722617221,1.622584889,0.019481223,1,0
802,1.50534,0,1.52798,0.01498,1.479936364,0.034376929,2.862768824,0.706879671,1.622369724,0.019558558,1,0
803,1.50534,0,1.52659,0.01507,1.479805051,0.034564331,2.861440481,0.691142122,1.622154559,0.019635892,1,0
804,1.50534,0,1.5252,0.01516,1.47967479,0.034751732,2.860112138,0.675404573,1.621939395,0.019713227,1,0
805,1.50534,0,1.5238,0.01524,1.479548739,0.034939134,2.858783796,0.659667023,1.62172423,0.019790562,1,0
806,1.50533,0,1.52235,0.01533,1.479422689,0.035126535,2.857455453,0.643929474,1.621509065,0.019867897,1,0
807,1.50533,0,1.5209,0.01542,1.479296639,0.035313937,2.85612711,0.628191924,1.621293901,0.019945231,1,0
808,1.50533,0,1.51946,0.01551,1.479170588,0.035501339,2.854798767,0.612454375,1.621078736,0.020022566,1,0
809,1.50533,0,1.51807,0.0156,1.479044538,0.035689459,2.853470425,0.596716826,1.620863571,0.020099901,1,0
810,1.50533,0,1.51665,0.01569,1.478918487,0.035884054,2.852142082,0.580979276,1.620648407,0.020177236,1,0
811,1.50532,0,1.5152,0.01578,1.478792437,0.036078649,2.850813739,0.565241727,1.620433242,0.020254571,1,0
812,1.50532,0,1.51375,0.01587,1.478666387,0.036273243,2.849485397,0.549504178,1.620218077,0.020331905,1,0
813,1.50532,0,1.51234,0.01596,1.478540336,0.036467838,2.848157054,0.533766628,1.620002913,0.02040924,1,0
814,1.50532,0,1.51095,0.01606,1.478414286,0.036662432,2.846828711,0.518029079,1.619787748,0.020486575,1,0
815,1.50532,0,1.50951,0.01615,1.478288235,0.036857027,2.845500368,0.502291529,1.619572583,0.02056391,1,0
816,1.50532,0,1.50806,0.01624,1.478162185,0.037051622,2.844172026,0.48655398,1.619357419,0.020641244,1,0
817,1.50531,0,1.50661,0.01634,1.478036134,0.037246216,2.842843683,0.470816431,1.619142254,0.020718579,1,0
818,1.50531,0,1.50516,0.01643,1.477910084,0.037440811,2.84151534,0.455078881,1.618927089,0.020795914,1,0
819,1.50531,0,1.50371,0.01653,1.477784034,0.037635405,2.840186998,0.439341332,1.618711925,0.020873249,1,0
820,1.50531,0,1.50219,0.01662,1.477657983,0.03783,2.838858655,0.423603783,1.61849676,0.020950583,1,0
821,1.50531,0,1.5007,0.01672,1.477531933,0.038050339,2.837530312,0.407866233,1.618281595,0.021027918,1,0
822,1.5053,0,1.49926,0.01682,1.477405882,0.038270678,2.83620197,0.392128684,1.618066431,0.021105253,1,0
823,1.5053,0,1.49782,0.01691,1.477279832,0.038491017,2.834873627,0.376391135,1.617851266,0.021182588,1,0
824,1.5053,0,1.49636,0.01701,1.477153782,0.038711356,2.833545284,0.360653585,1.617636101,0.021259922,1,0
825,1.5053,0,1.49491,0.01711,1.477027731,0.038931695,2.832216941,0.344916036,1.617420937,0.021337257,1,0
826,1.5053,0,1.49341,0.01721,1.476901681,0.039152034,2.830888599,0.329178486,1.617205772,0.021414592,1,0
827,1.5053,0,1.49191,0.01731,1.47677563,0.039372373,2.827275683,0.317129658,1.616990171,0.021494402,1,0
828,1.50529,0,1.49047,0.01741,1.47665935,0.039592712,2.820739744,0.309800409,1.616774011,0.021577378,1,0
829,1.50529,0,1.48898,0.01751,1.476557724,0.039813051,2.814203804,0.302471159,1.616557852,0.021660354,1,0
830,1.50529,0,1.48746,0.01761,1.476456098,0.04003339,2.807667865,0.29514191,1.616341692,0.021743331,1,0
831,1.50529,0,1.48601,0.01771,1.476354472,0.040253729,2.801131926,0.287812661,1.616125533,0.021826307,1,0
832,1.50529,0,1.48454,0.01782,1.476252846,0.040470706,2.794595986,0.280483411,1.615909373,0.021909283,1,0
833,1.50529,0,1.48303,0.01792,1.47615122,0.040674235,2.788060047,0.273154162,1.615693214,0.02199226,1,0
834,1.50528,0,1.48151,0.01802,1.476049593,0.040877765,2.781524107,0.265824912,1.615477054,0.022075236,1,0
835,1.50528,0,1.48,0.01813,1.475947967,0.041081294,2.774988168,0.258495663,1.615260895,0.022158212,1,0
836,1.50528,0,1.47849,0.01823,1.475846341,0.041284824,2.768452228,0.251166413,1.615044735,0.022241189,1,0
837,1.50528,0,1.47697,0.01834,1.475744715,0.041488353,2.761916289,0.243837164,1.614828576,0.022324165,1,0
838,1.50528,0,1.47545,0.01844,1.475643089,0.041691882,2.755380349,0.236507915,1.614612416,0.022407141,1,0
839,1.50527,0,1.47395,0.01855,1.475541463,0.041895412,2.74884441,0.229178665,1.614396257,0.022490118,1,0
840,1.50527,0,1.47243,0.01866,1.475439837,0.042098941,2.74230847,0.221849416,1.614180097,0.022573094,1,0
841,1.50527,0,1.47091,0.01877,1.475338211,0.042302471,2.735772531,0.214520166,1.613963938,0.022656071,1,0
842,1.50527,0,1.4694,0.01888,1.475236585,0.042506,2.729236592,0.207190917,1.613747778,0.022739047,1,0
843,1.50527,0,1.46789,0.01898,1.475134959,0.042709529,2.722700652,0.199861667,1.613531619,0.022822023,1,0
844,1.50527,0,1.46638,0.01909,1.475033333,0.042913059,2.716164713,0.192532418,1.613315459,0.022905,1,0
845,1.50526,0,1.46482,0.01921,1.474931707,0.043116588,2.709628773,0.185203169,1.6130993,0.022987976,1,0
846,1.50526,0,1.46325,0.01932,1.474830081,0.043320118,2.703092834,0.177873919,1.61288314,0.023070952,1,0
847,1.50526,0,1.46174,0.01943,1.474728455,0.043523647,2.696556894,0.17054467,1.612666981,0.023153929,1,0
848,1.50526,0,1.46023,0.01954,1.474626829,0.043727176,2.690020955,0.16321542,1.612450821,0.023236905,1,0
849,1.50526,0,1.45871,0.01965,1.474525203,0.043933957,2.683485015,0.155886171,1.612234662,0.023319881,1,0
850,1.50525,0,1.45714,0.01977,1.474423577,0.044153743,2.676949076,0.148556922,1.612018502,0.023402858,1,0
851,1.50525,0,1.45556,0.01988,1.474321951,0.044373529,2.670413136,0.141227672,1.611802343,0.023485834,1,0
852,1.50525,0,1.45398,0.02,1.474220325,0.044593316,2.663877197,0.133898423,1.611586183,0.02356881,1,0
853,1.50525,0,1.45245,0.02012,1.474115152,0.044813102,2.657341257,0.126569173,1.611370024,0.023651787,1,0
854,1.50525,0,1.45093,0.02023,1.474009091,0.045032888,2.650805318,0.119239924,1.611153864,0.023734763,1,0
855,1.50525,0,1.44935,0.02035,1.47390303,0.045252674,2.644269379,0.111910674,1.610937705,0.023817739,1,0
856,1.50524,0,1.44777,0.02047,1.47379697,0.04547246,2.638902257,0.109026384,1.61072075,0.023906576,1,0
857,1.50524,0,1.4462,0.02059,1.473690909,0.045692246,2.633614256,0.106442979,1.610503742,0.023995809,1,0
858,1.50524,0,1.44461,0.02071,1.473584848,0.045912032,2.628326254,0.103859575,1.610286733,0.024085042,1,0
859,1.50524,0,1.44304,0.02083,1.473478788,0.046131818,2.623038252,0.101276171,1.610069725,0.024174275,1,0
860,1.50524,0,1.44146,0.02095,1.473372727,0.046351604,2.61775025,0.098692766,1.609852717,0.024263508,1,0
861,1.50523,0,1.43989,0.02107,1.473266667,0.04657139,2.612462248,0.096109362,1.609635708,0.024352741,1,0
862,1.50523,0,1.43831,0.02119,1.473160606,0.046791176,2.607174246,0.093525958,1.6094187,0.024441974,1,0
863,1.50523,0,1.43674,0.02131,1.473054545,0.047010963,2.601886245,0.090942554,1.609201692,0.024531207,1,0
864,1.50523,0,1.43511,0.02144,1.472948485,0.047230749,2.596598243,0.088359149,1.608984683,0.02462044,1,0
865,1.50523,0,1.43347,0.02156,1.472842424,0.047450535,2.591310241,0.085775745,1.608767675,0.024709673,1,0
866,1.50523,0,1.43189,0.02169,1.472736364,0.047670321,2.586022239,0.083192341,1.608550667,0.024798907,1,0
867,1.50522,0,1.43029,0.02181,1.472630303,0.047890107,2.580734237,0.080608936,1.608333659,0.02488814,1,0
868,1.50522,0,1.42865,0.02194,1.472524242,0.048112069,2.575446235,0.078025532,1.60811665,0.024977373,1,0
869,1.50522,0,1.42706,0.02207,1.472418182,0.048336207,2.570158234,0.075442128,1.607899642,0.025066606,1,0
870,1.50522,0,1.42546,0.0222,1.472312121,0.048560345,2.564870232,0.072858724,1.607682634,0.025155839,1,0
871,1.50522,0,1.42382,0.02233,1.472206061,0.048784483,2.55958223,0.070275319,1.607465625,0.025245072,1,0
872,1.50521,0,1.42223,0.02246,1.4721,0.049008621,2.554294228,0.067691915,1.607248617,0.025334305,1,0
873,1.50521,0,1.42064,0.02259,1.471993939,0.049232759,2.549006226,0.065108511,1.607031609,0.025423538,1,0
874,1.50521,0,1.41899,0.02272,1.471887879,0.049456897,2.543718224,0.062525106,1.6068146,0.025512771,1,0
875,1.50521,0,1.41735,0.02285,1.471781818,0.049681034,2.538430223,0.059941702,1.606597592,0.025602004,1,0
876,1.50521,0,1.41572,0.02299,1.471675758,0.049905172,2.533142221,0.057358298,1.606380584,0.025691237,1,0
877,1.50521,0,1.41407,0.02312,1.471569697,0.05012931,2.527854219,0.054774894,1.606163575,0.025780471,1,0
878,1.5052,0,1.41243,0.02325,1.471463636,0.050353448,2.522566217,0.052191489,1.605946567,0.025869704,1,0
879,1.5052,0,1.41079,0.02339,1.471360976,0.050577586,2.517278215,0.049608085,1.605729559,0.025958937,1,0
880,1.5052,0,1.40915,0.02353,1.471263415,0.050801724,2.511990213,0.047024681,1.60551255,0.02604817,1,0
881,1.5052,0,1.40749,0.02366,1.471165854,0.051025862,2.506702212,0.044441276,1.605295542,0.026137403,1,0
882,1.5052,0,1.40578,0.0238,1.471068293,0.05125,2.50141421,0.041857872,1.605078534,0.026226636,1,0
883,1.5052,0,1.40412,0.02394,1.470970732,0.051524576,2.496126208,0.039274468,1.604861525,0.026315869,1,0
884,1.50519,0,1.40247,0.02408,1.470873171,0.051799153,2.490838206,0.036691064,1.604644517,0.026405102,1,0
885,1.50519,0,1.40084,0.02422,1.47077561,0.052073729,2.485550204,0.034107659,1.604427509,0.026494335,1,0
886,1.50519,0,1.39916,0.02436,1.470678049,0.052348305,2.480932051,0.032232556,1.604210317,0.026586353,1,0
887,1.50519,0,1.39745,0.02451,1.470580488,0.052622881,2.477324551,0.031426123,1.603992847,0.026682573,1,0
888,1.50519,0,1.39575,0.02465,1.470482927,0.052897458,2.473717051,0.03061969,1.603775378,0.026778792,1,0
889,1.50518,0,1.39406,0.02479,1.470385366,0.053172034,2.470109551,0.029813257,1.603557908,0.026875012,1,0
890,1.50518,0,1.39243,0.02494,1.470287805,0.05344661,2.466502051,0.029006824,1.603340439,0.026971231,1,0
891,1.50518,0,1.39074,0.02508,1.470190244,0.053721186,2.462894551,0.028200391,1.603122969,0.027067451,1,0
892,1.50518,0,1.38903,0.02523,1.470092683,0.053995763,2.459287051,0.027393958,1.6029055,0.02716367,1,0
893,1.50518,0,1.38731,0.02538,1.469995122,0.054270339,2.455679551,0.026587525,1.60268803,0.02725989,1,0
894,1.50518,0,1.38561,0.02553,1.469897561,0.054540759,2.452072051,0.025781092,1.602470561,0.027356109,1,0
895,1.50517,0,1.38392,0.02568,1.4698,0.054794552,2.448464551,0.024974659,1.602253091,0.027452329,1,0
896,1.50517,0,1.38221,0.02583,1.469702439,0.055048345,2.444857051,0.024168227,1.602035622,0.027548548,1,0
897,1.50517,0,1.3805,0.02598,1.469604878,0.055302138,2.441249551,0.023361794,1.601818152,0.027644768,1,0
898,1.50517,0,1.3788,0.02613,1.469507317,0.055555931,2.437642051,0.022555361,1.601600683,0.027740987,1,0
899,1.50517,0,1.37708,0.02629,1.469409756,0.055809724,2.434034551,0.021748928,1.601383213,0.027837207,1,0
900,1.50516,0,1.37536,0.02644,1.469312195,0.056063517,2.430427051,0.020942495,1.601165743,0.027933426,1,0
901,1.50516,0,1.37359,0.0266,1.469214634,0.05631731,2.426819551,0.020136062,1.600948274,0.028029646,1,0
902,1.50516,0,1.37187,0.02675,1.469117073,0.056571103,2.423212051,0.019329629,1.600730804,0.028125865,1,0
903,1.50516,0,1.37016,0.02691,1.469019512,0.056824897,2.419604551,0.018523196,1.600513335,0.028222085,1,0
904,1.50516,0,1.36839,0.02707,1.468938211,0.05707869,2.415997051,0.017716763,1.600295865,0.028318304,1,0
905,1.50516,0,1.36665,0.02723,1.468860976,0.057332483,2.412389551,0.01691033,1.600078396,0.028414524,1,0
906,1.50515,0,1.36494,0.02739,1.46878374,0.057586276,2.408782051,0.016103897,1.599860926,0.028510743,1,0
907,1.50515,0,1.36317,0.02755,1.468706504,0.057840069,2.405174551,0.015297464,1.599643457,0.028606963,1,0
908,1.50515,0,1.3614,0.02771,1.468629268,0.058093862,2.401567051,0.014491031,1.599425987,0.028703182,1,0
909,1.50515,0,1.35962,0.02788,1.468552033,0.058370221,2.397959551,0.013684599,1.599208518,0.028799402,1,0
910,1.50515,0,1.35786,0.02804,1.468474797,0.05865625,2.394352051,0.012878166,1.598991048,0.028895621,1,0
911,1.50515,0,1.35609,0.0282,1.468397561,0.058942279,2.390744551,0.012071733,1.598773579,0.028991841,1,0
912,1.50514,0,1.35432,0.02837,1.468320325,0.059228309,2.387137051,0.0112653,1.598556109,0.02908806,1,0
913,1.50514,0,1.35255,0.02854,1.468243089,0.059514338,2.383529551,0.010458867,1.59833864,0.02918428,1,0
914,1.50514,0,1.35078,0.02871,1.468165854,0.059800368,2.379922051,0.009652434,1.59812117,0.029280499,1,0
915,1.50514,0,1.34901,0.02888,1.468088618,0.060086397,2.376314551,0.008846001,1.597903701,0.029376719,1,0
916,1.50514,0,1.34721,0.02905,1.468011382,0.060372426,2.372707051,0.008039568,1.597686231,0.029472938,1,0
917,1.50514,0,1.34538,0.02922,1.467934146,0.060658456,2.369099551,0.007233135,1.597468762,0.029569158,1,0
918,1.50513,0,1.3436,0.02939,1.467856911,0.060944485,2.365492051,0.006426702,1.597251292,0.029665377,1,0
919,1.50513,0,1.3418,0.02957,1.467779675,0.061230515,2.362579291,0.006000305,1.597033852,0.029766295,1,0
920,1.50513,0,1.33997,0.02974,1.467702439,0.061516544,2.360132401,0.005828746,1.596816431,0.029870362,1,0
921,1.50513,0,1.33818,0.02992,1.467625203,0.061802574,2.357685511,0.005657188,1.59659901,0.02997443,1,0
922,1.50513,0,1.3364,0.0301,1.467547967,0.062085528,2.35523862,0.005485629,1.596381589,0.030078498,1,0
923,1.50513,0,1.33457,0.03028,1.467470732,0.062340807,2.35279173,0.00531407,1.596164169,0.030182565,1,0
924,1.50512,0,1.33273,0.03046,1.467393496,0.062596087,2.350344839,0.005142512,1.595946748,0.030286633,1,0
925,1.50512,0,1.33089,0.03064,1.46731626,0.062851366,2.347897949,0.004970953,1.595729327,0.0303907,1,0
926,1.50512,0,1.32906,0.03082,1.467239024,0.063106646,2.345451058,0.004799395,1.595511906,0.030494768,1,0
927,1.50512,0,1.32724,0.031,1.467161789,0.063361925,2.343004168,0.004627836,1.595294485,0.030598836,1,0
928,1.50512,0,1.3254,0.03118,1.46709434,0.063617205,2.340557278,0.004456277,1.595077064,0.030702903,1,0
929,1.50511,0,1.32357,0.03137,1.467066038,0.063872484,2.338110387,0.004284719,1.594859643,0.030806971,1,0
930,1.50511,0,1.32173,0.03156,1.467037736,0.064127764,2.335663497,0.00411316,1.594642223,0.030911038,1,0
931,1.50511,0,1.3199,0.03175,1.467009434,0.064383043,2.333216606,0.003941601,1.594424802,0.031015106,1,0
932,1.50511,0,1.31802,0.03193,1.466981132,0.064638323,2.330769716,0.003770043,1.594207381,0.031119173,1,0
933,1.50511,0,1.31613,0.03212,1.46695283,0.064893602,2.328322825,0.003598484,1.59398996,0.031223241,1,0
934,1.50511,0,1.31429,0.03232,1.466924528,0.065148882,2.325875935,0.003426925,1.593772539,0.031327309,1,0
935,1.5051,0,1.31242,0.03251,1.466896226,0.065404161,2.323429045,0.003255367,1.593555118,0.031431376,1,0
936,1.5051,0,1.31052,0.0327,1.466867925,0.065659441,2.320982154,0.003083808,1.593337698,0.031535444,1,0
937,1.5051,0,1.30869,0.0329,1.466839623,0.06591472,2.318535264,0.00291225,1.593120277,0.031639511,1,0
938,1.5051,0,1.30684,0.0331,1.466811321,0.06617,2.316088373,0.002740691,1.592902856,0.031743579,1,0
939,1.5051,0,1.30493,0.03329,1.466783019,0.066493622,2.313641483,0.002569132,1.592685435,0.031847646,1,0
940,1.5051,0,1.30303,0.03349,1.466754717,0.066817244,2.311194592,0.002397574,1.592468014,0.031951714,1,0
941,1.50509,0,1.30114,0.03369,1.466726415,0.067140866,2.308747702,0.002226015,1.592250593,0.032055782,1,0
942,1.50509,0,1.29922,0.0339,1.466698113,0.067464488,2.306300812,0.002054456,1.592033172,0.032159849,1,0
943,1.50509,0,1.29731,0.0341,1.466669811,0.06778811,2.303853921,0.001882898,1.591815752,0.032263917,1,0
944,1.50509,0,1.29541,0.03431,1.466641509,0.068111732,2.301407031,0.001711339,1.591598331,0.032367984,1,0
945,1.50509,0,1.29346,0.03451,1.466613208,0.068435354,2.29896014,0.00153978,1.59138091,0.032472052,1,0
946,1.50509,0,1.29152,0.03472,1.466584906,0.068758976,2.29651325,0.001368222,1.591163489,0.03257612,1,0
947,1.50508,0,1.28963,0.03493,1.466556604,0.069082598,2.294066359,0.001196663,1.590946068,0.032680187,1,0
948,1.50508,0,1.28773,0.03514,1.466528302,0.06940622,2.291619469,0.001025105,1.590728647,0.032784255,1,0
949,1.50508,0,1.28581,0.03535,1.4665,0.069729843,2.289172579,8.54E-04,1.590511227,0.032888322,1,0
950,1.50508,0,1.28385,0.03556,1.466471831,0.070053465,2.286725688,6.82E-04,1.590293806,0.03299239,1,0
951,1.50508,0,1.28189,0.03578,1.466443662,0.070375294,2.284278798,5.10E-04,1.590076385,0.033096457,1,0
952,1.50507,0,1.27993,0.03599,1.466415493,0.070692941,2.281831907,3.39E-04,1.589858964,0.033200525,1,0
953,1.50507,0,1.27796,0.03621,1.466387324,0.071010588,2.279385017,1.67E-04,1.589641543,0.033304593,1,0
954,1.50507,0,1.276,0.03643,1.466359155,0.071328235,2.277143041,4.27E-05,1.58942437,0.033411093,1,0
955,1.50507,0,1.27404,0.03665,1.466330986,0.071645882,2.275440214,4.16E-05,1.58920785,0.033523992,1,0
956,1.50507,0,1.27207,0.03687,1.466302817,0.071963529,2.273737386,4.04E-05,1.58899133,0.033636892,1,0
957,1.50507,0,1.2701,0.0371,1.466274648,0.072281176,2.272034558,3.93E-05,1.58877481,0.033749792,1,0
958,1.50506,0,1.26813,0.03732,1.466246479,0.072598824,2.270331731,3.82E-05,1.58855829,0.033862691,1,0
959,1.50506,0,1.26616,0.03755,1.46621831,0.072916471,2.268628903,3.71E-05,1.58834177,0.033975591,1,0
960,1.50506,0,1.26419,0.03778,1.466190141,0.073234118,2.266926076,3.59E-05,1.58812525,0.034088491,1,0
961,1.50506,0,1.26217,0.03801,1.466161972,0.073550221,2.265223248,3.48E-05,1.58790873,0.034201391,1,0
962,1.50506,0,1.26018,0.03824,1.466133803,0.073852426,2.26352042,3.37E-05,1.58769221,0.03431429,1,0
963,1.50506,0,1.25821,0.03847,1.466105634,0.074154632,2.261817593,3.25E-05,1.58747569,0.03442719,1,0
964,1.50505,0,1.25619,0.0387,1.466077465,0.074456838,2.260114765,3.14E-05,1.58725917,0.03454009,1,0
965,1.50505,0,1.25416,0.03894,1.466049296,0.074759044,2.258411938,3.03E-05,1.58704265,0.034652989,1,0
966,1.50505,0,1.25212,0.03918,1.466021127,0.07506125,2.25670911,2.92E-05,1.58682613,0.034765889,1,0
967,1.50505,0,1.2501,0.03942,1.465992958,0.075363456,2.255006282,2.80E-05,1.58660961,0.034878789,1,0
968,1.50505,0,1.24808,0.03966,1.465964789,0.075665662,2.253303455,2.69E-05,1.58639309,0.034991689,1,0
969,1.50505,0,1.24605,0.0399,1.46593662,0.075967868,2.251600627,2.58E-05,1.58617657,0.035104588,1,0
970,1.50504,0,1.24403,0.04014,1.465908451,0.076270074,2.2498978,2.47E-05,1.58596005,0.035217488,1,0
971,1.50504,0,1.242,0.04039,1.465906604,0.076572279,2.248194972,2.35E-05,1.58574353,0.035330388,1,0
972,1.50504,0,1.23996,0.04064,1.465916038,0.076874485,2.246492144,2.24E-05,1.58552701,0.035443287,1,0
973,1.50504,0,1.23789,0.04089,1.465925472,0.077176691,2.244789317,2.13E-05,1.58531049,0.035556187,1,0
974,1.50504,0,1.2358,0.04114,1.465934906,0.077478897,2.243086489,2.01E-05,1.58509397,0.035669087,1,0
975,1.50503,0,1.23377,0.04139,1.46594434,0.077781103,2.241383662,1.90E-05,1.58487745,0.035781987,1,0
976,1.50503,0,1.23172,0.04165,1.465953774,0.078083309,2.239680834,1.79E-05,1.58466093,0.035894886,1,0
977,1.50503,0,1.22964,0.0419,1.465963208,0.078385515,2.237978006,1.68E-05,1.58444441,0.036007786,1,0
978,1.50503,0,1.22754,0.04216,1.465972642,0.078687721,2.236275179,1.56E-05,1.58422789,0.036120686,1,0
979,1.50503,0,1.22543,0.04242,1.465982075,0.078989926,2.234572351,1.45E-05,1.58401137,0.036233585,1,0
980,1.50503,0,1.22334,0.04268,1.465991509,0.079292132,2.232869524,1.34E-05,1.58379485,0.036346485,1,0
981,1.50502,0,1.22126,0.04295,1.466000943,0.079594338,2.231166696,1.23E-05,1.58357833,0.036459385,1,0
982,1.50502,0,1.21917,0.04321,1.466010377,0.079896544,2.229463868,1.11E-05,1.58336181,0.036572285,1,0
983,1.50502,0,1.21707,0.04348,1.466019811,0.08019875,2.227761041,1.00E-05,1.58314529,0.036685184,1,0
984,1.50502,0,1.21498,0.04375,1.466029245,0.080500956,2.226058213,8.87E-06,1.58292877,0.036798084,1,0
985,1.50502,0,1.21289,0.04402,1.466038679,0.080803162,2.224355386,7.75E-06,1.58271225,0.036910984,1,0
986,1.50502,0,1.21072,0.0443,1.466048113,0.081105368,2.222652558,6.62E-06,1.58249573,0.037023884,1,0
987,1.50501,0,1.20858,0.04457,1.466057547,0.081407574,2.22094973,5.49E-06,1.58227921,0.037136783,1,0
988,1.50501,0,1.2065,0.04485,1.466066981,0.081709779,2.219246903,4.37E-06,1.58206269,0.037249683,1,0
989,1.50501,0,1.20435,0.04513,1.466076415,0.082055405,2.217544075,3.24E-06,1.58184617,0.037362583,1,0
990,1.50501,0,1.2022,0.04541,1.466085849,0.082405856,2.215841248,2.11E-06,1.58162965,0.037475482,1,0
991,1.50501,0,1.20004,0.04569,1.466095283,0.082756306,2.21413842,9.85E-07,1.58141313,0.037588382,1,0
992,1.50501,0,1.19788,0.04598,1.466105348,0.083106757,2.212435592,-1.43E-07,1.58119661,0.037701282,1,0
993,1.505,0,1.19573,0.04626,1.466116043,0.083457207,2.210732765,-1.27E-06,1.58098009,0.037814182,1,0
994,1.505,0,1.19356,0.04655,1.466126738,0.083807658,2.209029937,-2.40E-06,1.58076357,0.037927081,1,0
995,1.505,0,1.19137,0.04685,1.466137433,0.084158108,2.207327109,-3.52E-06,1.58054705,0.038039981,1,0
996,1.505,0,1.18916,0.04714,1.466148128,0.084508559,2.205624282,-4.65E-06,1.58033053,0.038152881,1,0
997,1.505,0,1.187,0.04743,1.466158824,0.084859009,2.203921454,-5.78E-06,1.58011401,0.03826578,1,0
998,1.505,0,1.18482,0.04773,1.466169519,0.085209459,2.202218627,-6.91E-06,1.57989749,0.03837868,1,0
999,1.505,0,1.18259,0.04803,1.466180214,0.08555991,2.200515799,-8.03E-06,1.57968097,0.03849158,1,0
1000,1.505,0,1.18024,0.04839,1.466190909,0.085880526,2.198812971,-9.16E-06,1.57946445,0.03860448,1,0
