Wavelength (nm),Glass_n,Glass_k,ITO_n,ITO_k,PEDOT:PSS_n,PEDOT:PSS_k,PDINN_n,PDINN_k,Air_n,Air_k,PM6L8BOOFIB_n,PM6L8BOOFIB_k
300,1.52154,0,2.28589,0.15729,1.58205814,4.25E-04,1.672407405,0.054565914,1,0,1.489397315,0.345935812
301,1.52141,0,2.28195,0.15059,1.581290698,4.26E-04,1.672473927,0.05503106,1,0,1.488933953,0.346431287
302,1.52128,0,2.27787,0.1441,1.580523256,4.27E-04,1.67254045,0.055496206,1,0,1.488470592,0.346926763
303,1.52116,0,2.27371,0.13788,1.579755814,4.28E-04,1.672606972,0.055961352,1,0,1.48800723,0.347422239
304,1.52103,0,2.26952,0.1318,1.578988372,4.29E-04,1.672673494,0.056426498,1,0,1.487543868,0.347917715
305,1.52091,0,2.26527,0.12602,1.57822093,4.30E-04,1.672740016,0.056891644,1,0,1.487080506,0.348413191
306,1.52082,0,2.26097,0.12038,1.577453488,4.31E-04,1.672806539,0.05735679,1,0,1.486617144,0.348908667
307,1.52073,0,2.25663,0.11488,1.576876471,4.32E-04,1.672873061,0.057821936,1,0,1.486153783,0.349404143
308,1.52064,0,2.25221,0.1097,1.576347059,4.32E-04,1.672939583,0.058287081,1,0,1.485690421,0.349899619
309,1.52055,0,2.24776,0.10463,1.575817647,4.33E-04,1.673006105,0.058752227,1,0,1.485227059,0.350395095
310,1.52046,0,2.2433,0.09975,1.575288235,4.34E-04,1.673072628,0.059217373,1,0,1.484763697,0.350890571
311,1.52037,0,2.23885,0.09511,1.574758824,4.35E-04,1.67313915,0.059682519,1,0,1.484300335,0.351386047
312,1.52028,0,2.23441,0.09058,1.574277632,4.36E-04,1.673205672,0.060147665,1,0,1.483836974,0.351881523
313,1.52019,0,2.2299,0.08631,1.573817105,4.37E-04,1.673272194,0.060612811,1,0,1.483373612,0.352376999
314,1.5201,0,2.22539,0.08217,1.573356579,4.38E-04,1.673341954,0.061081363,1,0,1.482909231,0.352873775
315,1.52001,0,2.22086,0.07815,1.572896053,4.39E-04,1.673436382,0.061575871,1,0,1.482437088,0.35338046
316,1.51992,0,2.21642,0.07439,1.572435526,4.40E-04,1.673530811,0.062070379,1,0,1.481964944,0.353887145
317,1.51983,0,2.21198,0.07073,1.571975,4.52E-04,1.67362524,0.062564888,1,0,1.481492801,0.354393829
318,1.51975,0,2.20754,0.06724,1.571514474,4.69E-04,1.673722829,0.063062316,1,0,1.481019775,0.354901582
319,1.51967,0,2.20313,0.06391,1.571057647,4.86E-04,1.673851683,0.063588632,1,0,1.480538026,0.355419905
320,1.5196,0,2.19873,0.06067,1.570634118,5.04E-04,1.673980537,0.064114947,1,0,1.480056276,0.355938228
321,1.51952,0,2.19436,0.05764,1.570210588,5.21E-04,1.674109391,0.064641263,1,0,1.479574526,0.356456551
322,1.51944,0,2.19001,0.05472,1.569787059,5.38E-04,1.674238245,0.065167579,1,0,1.479092777,0.356974874
323,1.51936,0,2.1857,0.05191,1.569363529,5.55E-04,1.674407786,0.065726361,1,0,1.47860178,0.357505632
324,1.51928,0,2.18148,0.04927,1.56894,5.72E-04,1.674578885,0.066286388,1,0,1.47811043,0.358036866
325,1.51921,0,2.17728,0.04671,1.568516471,5.90E-04,1.674749985,0.066846414,1,0,1.477619079,0.358568101
326,1.51913,0,2.17309,0.04429,1.568092941,6.07E-04,1.674921085,0.067406441,1,0,1.477127728,0.359099335
327,1.51905,0,2.16895,0.042,1.567669412,6.24E-04,1.675130668,0.067991946,1,0,1.476628623,0.359640409
328,1.51897,0,2.16484,0.03978,1.567248387,6.41E-04,1.675354791,0.068587078,1,0,1.476126589,0.360185199
329,1.5189,0,2.16081,0.0377,1.566829032,6.58E-04,1.675578913,0.069182209,1,0,1.475624555,0.360729989
330,1.51883,0,2.15683,0.03571,1.566409677,6.75E-04,1.675803036,0.06977734,1,0,1.47512252,0.361274779
331,1.51875,0,2.1529,0.03379,1.565990323,6.92E-04,1.676051921,0.070385836,1,0,1.474616287,0.361825026
332,1.51868,0,2.14902,0.03202,1.565570968,7.09E-04,1.67634199,0.071016557,1,0,1.474103071,0.362384349
333,1.51861,0,2.14517,0.0303,1.565151613,7.26E-04,1.676632059,0.071647279,1,0,1.473589854,0.362943672
334,1.51854,0,2.14135,0.02868,1.564732258,7.43E-04,1.676922128,0.072278,1,0,1.473076638,0.363502995
335,1.51846,0,2.13762,0.02714,1.564312903,7.60E-04,1.677212198,0.072908721,1,0,1.472563421,0.364062319
336,1.51839,0,2.13392,0.02566,1.563893548,7.77E-04,1.677576906,0.07357005,1,0,1.472039492,0.364635786
337,1.51832,0,2.13029,0.02428,1.563491489,7.94E-04,1.677949212,0.074234494,1,0,1.471514472,0.365210694
338,1.51825,0,2.1267,0.02296,1.563129787,8.11E-04,1.678321519,0.074898939,1,0,1.470989451,0.365785602
339,1.51817,0,2.12314,0.0217,1.562768085,8.27E-04,1.678693826,0.075563384,1,0,1.470464431,0.36636051
340,1.5181,0,2.11968,0.02053,1.562406383,8.44E-04,1.679098788,0.076236927,1,0,1.469935372,0.366940711
341,1.51804,0,2.11625,0.0194,1.562044681,8.61E-04,1.679574009,0.076930047,1,0,1.469397621,0.367532301
342,1.51798,0,2.11288,0.01834,1.561682979,8.78E-04,1.680049231,0.077623166,1,0,1.46885987,0.36812389
343,1.51792,0,2.1096,0.01735,1.561321277,8.96E-04,1.680524452,0.078316286,1,0,1.46832212,0.368715479
344,1.51786,0,2.10636,0.01639,1.560959574,9.14E-04,1.680999674,0.079009406,1,0,1.467784369,0.369307068
345,1.5178,0,2.10315,0.01549,1.560597872,9.33E-04,1.681551131,0.07971314,1,0,1.467238519,0.369909457
346,1.51774,0,2.09999,0.01464,1.56023617,9.51E-04,1.682153518,0.080423965,1,0,1.466687259,0.37051906
347,1.51768,0,2.09686,0.01383,1.559855882,9.69E-04,1.682755906,0.08113479,1,0,1.466135998,0.371128662
348,1.51761,0,2.0938,0.01308,1.559473529,9.88E-04,1.683358293,0.081845615,1,0,1.465584737,0.371738265
349,1.51755,0,2.09075,0.01236,1.559091176,0.001006471,1.68396068,0.082556441,1,0,1.465033477,0.372347868
350,1.51749,0,2.08773,0.01168,1.558708824,0.001024958,1.684680357,0.083265987,1,0,1.464471321,0.372972255
351,1.51743,0,2.08483,0.01105,1.558326471,0.001043445,1.685439382,0.083975105,1,0,1.46390551,0.373601602
352,1.51737,0,2.08197,0.01044,1.557944118,0.001061933,1.686198406,0.084684222,1,0,1.463339699,0.374230948
353,1.51731,0,2.07915,0.00988,1.557561765,0.00108042,1.68695743,0.08539334,1,0,1.462773888,0.374860295
354,1.51725,0,2.07638,0.00934,1.557179412,0.001098908,1.687716455,0.086102457,1,0,1.462208078,0.375489642
355,1.51719,0,2.07363,0.00883,1.556797059,0.001116111,1.688618262,0.086784412,1,0,1.461630413,0.376134956
356,1.51713,0,2.07092,0.00836,1.556414706,0.001131389,1.689565281,0.087457767,1,0,1.461048995,0.376785326
357,1.51707,0,2.06825,0.00791,1.556094118,0.001146667,1.690512301,0.088131121,1,0,1.460467577,0.377435696
358,1.51701,0,2.06563,0.00748,1.5558,0.001161944,1.691459321,0.088804475,1,0,1.459886159,0.378086066
359,1.51695,0,2.0631,0.00709,1.555505882,0.001177222,1.692406341,0.089477829,1,0,1.459304741,0.378736436
360,1.51688,0,2.0606,0.00671,1.555211765,0.0011925,1.693489482,0.09009572,1,0,1.458712995,0.379401348
361,1.51682,0,2.05808,0.00636,1.554917647,0.001207778,1.69465412,0.090680405,1,0,1.458115065,0.380074965
362,1.51676,0,2.05561,0.00603,1.554623529,0.001223056,1.695818759,0.09126509,1,0,1.457517135,0.380748582
363,1.5167,0,2.05318,0.00572,1.554329412,0.001238333,1.696983398,0.091849774,1,0,1.456919205,0.381422199
364,1.51664,0,2.0508,0.00543,1.554035294,0.001253611,1.698148037,0.092434459,1,0,1.456321275,0.382095817
365,1.51658,0,2.04845,0.00515,1.553741176,0.001268889,1.699392729,0.092962055,1,0,1.455717172,0.382777989
366,1.51651,0,2.04612,0.00489,1.553447059,0.001284167,1.700792402,0.093379127,1,0,1.455101117,0.383476723
367,1.51645,0,2.04386,0.00465,1.553145455,0.001299444,1.702192075,0.0937962,1,0,1.454485063,0.384175457
368,1.51639,0,2.04162,0.00442,1.552836364,0.001314722,1.703591747,0.094213272,1,0,1.453869008,0.384874191
369,1.51633,0,2.03943,0.00421,1.552527273,0.00133,1.70499142,0.094630344,1,0,1.453252954,0.385572925
370,1.51627,0,2.03728,0.00401,1.552218182,0.001346912,1.706391093,0.095047417,1,0,1.452636899,0.386271659
371,1.51621,0,2.03516,0.00382,1.551909091,0.001363824,1.70799127,0.095219379,1,0,1.452003325,0.386995017
372,1.51616,0,2.03302,0.00364,1.5516,0.001380735,1.709614246,0.095363469,1,0,1.451367759,0.387721174
373,1.5161,0,2.03091,0.00348,1.551290909,0.001397647,1.711237222,0.095507559,1,0,1.450732193,0.388447331
374,1.51604,0,2.02885,0.00332,1.550981818,0.001414559,1.712860198,0.095651649,1,0,1.450096627,0.389173489
375,1.51598,0,2.02684,0.00318,1.550672727,0.001431471,1.714483174,0.095795739,1,0,1.449461061,0.389899646
376,1.51593,0,2.02484,0.00304,1.550363636,0.001448382,1.716151805,0.095825326,1,0,1.44881935,0.39063468
377,1.51587,0,2.02282,0.00291,1.550054545,0.001465294,1.717932051,0.095574984,1,0,1.448162613,0.391391414
378,1.51581,0,2.02086,0.00279,1.549770968,0.001482206,1.719712297,0.095324642,1,0,1.447505877,0.392148149
379,1.51576,0,2.01893,0.00268,1.549512903,0.001499118,1.721492543,0.095074301,1,0,1.446849141,0.392904883
380,1.5157,0,2.01705,0.00258,1.549254839,0.001516029,1.723272789,0.094823959,1,0,1.446192405,0.393661617
381,1.51564,0,2.0152,0.00248,1.548996774,0.001532941,1.725053036,0.094573617,1,0,1.445535669,0.394418352
382,1.51559,0,2.01339,0.00239,1.54873871,0.001549853,1.726842124,0.094068487,1,0,1.44486735,0.395192226
383,1.51553,0,2.01157,0.00231,1.548480645,0.001566929,1.728639702,0.093318755,1,0,1.444187911,0.395982557
384,1.51547,0,2.00975,0.00223,1.548222581,0.001584252,1.730437279,0.092569024,1,0,1.443508472,0.396772887
385,1.51542,0,2.00794,0.00215,1.547964516,0.001601575,1.732234857,0.091819292,1,0,1.442829033,0.397563217
386,1.51536,0,2.00616,0.00208,1.547706452,0.001618898,1.734032434,0.091069561,1,0,1.442149594,0.398353547
387,1.51532,0,2.00442,0.00202,1.547445098,0.00163622,1.735830012,0.090319829,1,0,1.441470155,0.399143877
388,1.51527,0,2.00273,0.00196,1.547170588,0.001653543,1.737521184,0.089277428,1,0,1.440777008,0.399954617
389,1.51522,0,2.00104,0.00191,1.546896078,0.001670866,1.739125086,0.087994989,1,0,1.440072618,0.400782097
390,1.51517,0,1.99934,0.00185,1.546621569,0.001688189,1.740728989,0.08671255,1,0,1.439368228,0.401609577
391,1.51512,0,1.99765,0.00181,1.546347059,0.001705512,1.742332891,0.085430111,1,0,1.438663837,0.402437056
392,1.51507,0,1.99598,0.00176,1.546072549,0.001722835,1.743936794,0.084147672,1,0,1.437959447,0.403264536
393,1.51502,0,1.99435,0.00172,1.545798039,0.001740157,1.745540696,0.082865233,1,0,1.437255057,0.404092016
394,1.51497,0,1.99272,0.00169,1.545523529,0.00175748,1.746975851,0.081405657,1,0,1.43653983,0.404936094
395,1.51492,0,1.99109,0.00165,1.54524902,0.001774803,1.748157251,0.07967971,1,0,1.435808307,0.405805132
396,1.51487,0,1.98953,0.00162,1.54497451,0.001804063,1.749338651,0.077953763,1,0,1.435076784,0.406674169
397,1.51482,0,1.98797,0.00159,1.5447,0.001838438,1.750520051,0.076227817,1,0,1.434345261,0.407543207
398,1.51477,0,1.9864,0.00156,1.54442549,0.001872813,1.751701451,0.07450187,1,0,1.433613738,0.408412245
399,1.51472,0,1.9849,0.00154,1.54415098,0.001907188,1.752882851,0.072775923,1,0,1.432882215,0.409281283
400,1.51467,0,1.98339,0.00151,1.543876471,0.001941563,1.754034655,0.071038186,1,0,1.432149177,0.41015271
401,1.51462,0,1.98188,0.00149,1.543601961,0.001975938,1.754635738,0.069081044,1,0,1.431387948,0.411068595
402,1.51457,0,1.98038,0.00148,1.543327451,0.002010313,1.755236821,0.067123902,1,0,1.430626719,0.41198448
403,1.51452,0,1.97889,0.00146,1.543089063,0.002044688,1.755837904,0.06516676,1,0,1.429865489,0.412900365
404,1.51448,0,1.97745,0.00144,1.542854688,0.002079063,1.756438987,0.063209619,1,0,1.42910426,0.41381625
405,1.51443,0,1.97598,0.00143,1.542620313,0.002113438,1.75704007,0.061252477,1,0,1.428343031,0.414732135
406,1.51438,0,1.97448,0.00142,1.542385938,0.002147813,1.757641153,0.059295335,1,0,1.427581801,0.41564802
407,1.51433,0,1.97308,0.00141,1.542151563,0.002182188,1.757946825,0.057353436,1,0,1.426804325,0.416590019
408,1.51428,0,1.97168,0.0014,1.541917188,0.002216563,1.757950515,0.055427117,1,0,1.426010241,0.417558713
409,1.51423,0,1.97025,0.00139,1.541682813,0.002243294,1.757954205,0.053500799,1,0,1.425216157,0.418527408
410,1.51419,0,1.96885,0.00138,1.541448438,0.002269176,1.757957895,0.05157448,1,0,1.424422073,0.419496102
411,1.51414,0,1.96748,0.00138,1.541214063,0.002295059,1.757961585,0.049648162,1,0,1.423627988,0.420464796
412,1.51409,0,1.96609,0.00137,1.540979688,0.002320941,1.757965275,0.047721843,1,0,1.422833904,0.42143349
413,1.51404,0,1.96471,0.00137,1.540745313,0.002346824,1.757968965,0.045795525,1,0,1.42203982,0.422402184
414,1.51399,0,1.96334,0.00136,1.540510938,0.002372706,1.757625233,0.04404395,1,0,1.421219896,0.423414063
415,1.51394,0,1.96202,0.00136,1.540276378,0.002398588,1.75714599,0.042360533,1,0,1.420389894,0.424442787
416,1.5139,0,1.96071,0.00136,1.540040157,0.002424471,1.756666747,0.040677116,1,0,1.419559892,0.42547151
417,1.51385,0,1.95939,0.00136,1.539803937,0.002450353,1.756187504,0.038993698,1,0,1.41872989,0.426500233
418,1.5138,0,1.95808,0.00136,1.539567717,0.002476235,1.755708262,0.037310281,1,0,1.417899887,0.427528956
419,1.51375,0,1.95676,0.00136,1.539331496,0.002502118,1.755229019,0.035626864,1,0,1.417069885,0.428557679
420,1.5137,0,1.95544,0.00136,1.539095276,0.002528,1.754749776,0.033943447,1,0,1.416239883,0.429586402
421,1.51365,0,1.95416,0.00136,1.538859055,0.002553882,1.754052073,0.032509582,1,0,1.415381523,0.430664489
422,1.51361,0,1.95291,0.00137,1.538622835,0.002579765,1.753267121,0.031175384,1,0,1.414511838,0.431762291
423,1.51356,0,1.95161,0.00137,1.538386614,0.002605647,1.752482168,0.029841186,1,0,1.413642153,0.432860092
424,1.51351,0,1.95031,0.00137,1.538150394,0.002631529,1.751697216,0.028506988,1,0,1.412772467,0.433957894
425,1.51347,0,1.94905,0.00138,1.537914173,0.002657412,1.750912264,0.027172789,1,0,1.411902782,0.435055696
426,1.51342,0,1.9478,0.00138,1.537677953,0.002691452,1.750127311,0.025838591,1,0,1.411033097,0.436153497
427,1.51338,0,1.94655,0.00139,1.537441732,0.002726398,1.749342359,0.024504393,1,0,1.410163412,0.437251299
428,1.51333,0,1.9453,0.00139,1.537219328,0.002761344,1.748492138,0.023337601,1,0,1.409273133,0.438386426
429,1.51328,0,1.94408,0.0014,1.537017647,0.00279629,1.747567812,0.022360879,1,0,1.408359473,0.439563932
430,1.51324,0,1.94288,0.00141,1.536815966,0.002831237,1.746643486,0.021384157,1,0,1.407445812,0.440741438
431,1.51319,0,1.94164,0.00141,1.536614286,0.002866183,1.74571916,0.020407436,1,0,1.406532152,0.441918943
432,1.51315,0,1.94041,0.00142,1.536412605,0.002901129,1.744794834,0.019430714,1,0,1.405618492,0.443096449
433,1.5131,0,1.93922,0.00143,1.536210924,0.002936075,1.743870508,0.018453992,1,0,1.404704832,0.444273955
434,1.51306,0,1.93803,0.00143,1.536009244,0.002971022,1.742946182,0.01747727,1,0,1.403791171,0.445451461
435,1.51301,0,1.93684,0.00144,1.535807563,0.003005968,1.742021856,0.016500548,1,0,1.402877511,0.446628967
436,1.51297,0,1.93565,0.00145,1.535605882,0.003040914,1.741078288,0.015822239,1,0,1.401916848,0.447896867
437,1.51292,0,1.93446,0.00146,1.535404202,0.00307586,1.740134078,0.01515389,1,0,1.400954617,0.449167786
438,1.51287,0,1.93327,0.00147,1.535202521,0.003110806,1.739189868,0.014485542,1,0,1.399992385,0.450438704
439,1.51283,0,1.93214,0.00147,1.53500084,0.003145753,1.738245658,0.013817193,1,0,1.399030154,0.451709622
440,1.51278,0,1.93099,0.00148,1.534797638,0.003180699,1.737301449,0.013148844,1,0,1.398067922,0.45298054
441,1.51274,0,1.9298,0.00149,1.534592913,0.003215645,1.736357239,0.012480495,1,0,1.39710569,0.454251458
442,1.51269,0,1.92866,0.0015,1.534388189,0.003250591,1.735413029,0.011812147,1,0,1.396143459,0.455522376
443,1.51265,0,1.92752,0.00151,1.534183465,0.003285538,1.73447869,0.01119162,1,0,1.395170479,0.456815251
444,1.5126,0,1.92633,0.00152,1.53397874,0.003320102,1.733584007,0.010763221,1,0,1.39415432,0.458196339
445,1.51256,0,1.92518,0.00153,1.533774016,0.003353776,1.732689325,0.010334821,1,0,1.39313816,0.459577426
446,1.51252,0,1.92406,0.00154,1.533569291,0.003387449,1.731794642,0.009906422,1,0,1.392122,0.460958514
447,1.51248,0,1.92292,0.00155,1.533364567,0.003421122,1.730899959,0.009478023,1,0,1.391105841,0.462339602
448,1.51244,0,1.9218,0.00156,1.533159843,0.003454796,1.730005277,0.009049623,1,0,1.390089681,0.46372069
449,1.5124,0,1.92067,0.00157,1.532955118,0.003488469,1.729110594,0.008621224,1,0,1.389073521,0.465101778
450,1.51236,0,1.91954,0.00159,1.532750394,0.003522143,1.728215912,0.008192825,1,0,1.388057362,0.466482866
451,1.51232,0,1.91843,0.0016,1.532545669,0.003555816,1.727333276,0.007790389,1,0,1.387032368,0.467883526
452,1.51228,0,1.91737,0.00161,1.532340945,0.00358949,1.726519776,0.007536949,1,0,1.385956684,0.469396503
453,1.51224,0,1.91627,0.00162,1.532145378,0.003623163,1.725706275,0.007283508,1,0,1.384880999,0.470909481
454,1.5122,0,1.91513,0.00163,1.531952101,0.003656837,1.724892774,0.007030068,1,0,1.383805314,0.472422458
455,1.51216,0,1.91401,0.00164,1.531758824,0.00369051,1.724079273,0.006776627,1,0,1.382729629,0.473935436
456,1.51212,0,1.91291,0.00165,1.531565546,0.003724184,1.723265772,0.006523187,1,0,1.381653944,0.475448413
457,1.51208,0,1.91184,0.00167,1.531372269,0.003757857,1.722452271,0.006269746,1,0,1.38057826,0.476961391
458,1.51204,0,1.91078,0.00168,1.531178992,0.003791531,1.72163877,0.006016306,1,0,1.379502575,0.478474368
459,1.512,0,1.9097,0.00169,1.530985714,0.003825204,1.72082527,0.005762866,1,0,1.37842689,0.479987345
460,1.51195,0,1.90857,0.0017,1.530792437,0.003858878,1.720083665,0.005607016,1,0,1.377299077,0.48162821
461,1.51191,0,1.90748,0.00171,1.53059916,0.003892551,1.719360113,0.005475671,1,0,1.376158176,0.483301186
462,1.51187,0,1.90642,0.00173,1.530405882,0.003926224,1.718636561,0.005344326,1,0,1.375017274,0.484974162
463,1.51183,0,1.90536,0.00174,1.530212605,0.003959898,1.717913009,0.005212981,1,0,1.373876372,0.486647138
464,1.51179,0,1.90429,0.00175,1.530019328,0.00398878,1.717189456,0.005081636,1,0,1.372735471,0.488320114
465,1.51175,0,1.90323,0.00177,1.529818487,0.00401561,1.716465904,0.004950291,1,0,1.371594569,0.489993091
466,1.51171,0,1.90216,0.00178,1.529616807,0.004042439,1.715742352,0.004818945,1,0,1.370453667,0.491666067
467,1.51168,0,1.9011,0.00179,1.529415126,0.004069268,1.7150188,0.0046876,1,0,1.369312766,0.493339043
468,1.51164,0,1.90004,0.0018,1.529213445,0.004096098,1.714306856,0.004567393,1,0,1.368162377,0.49503865
469,1.51161,0,1.89897,0.00182,1.529011765,0.004122927,1.713669228,0.00451849,1,0,1.366951249,0.496908746
470,1.51157,0,1.8979,0.00183,1.528810084,0.004149756,1.713031599,0.004469587,1,0,1.365740121,0.498778842
471,1.51154,0,1.8969,0.00184,1.528608403,0.004176585,1.71239397,0.004420684,1,0,1.364528994,0.500648937
472,1.51151,0,1.89587,0.00186,1.528406723,0.004203415,1.711756342,0.004371781,1,0,1.363317866,0.502519033
473,1.51147,0,1.89481,0.00187,1.528205042,0.004230244,1.711118713,0.004322878,1,0,1.362106738,0.504389129
474,1.51144,0,1.89375,0.00189,1.528003361,0.004257073,1.710481084,0.004273975,1,0,1.360895611,0.506259225
475,1.51141,0,1.8927,0.0019,1.527801681,0.004283902,1.709843456,0.004225072,1,0,1.359684483,0.508129321
476,1.51137,0,1.89169,0.00191,1.5276,0.004310732,1.709205827,0.004176169,1,0,1.358473355,0.509999416
477,1.51134,0,1.89065,0.00193,1.527430882,0.004337561,1.708578831,0.004134751,1,0,1.357252085,0.511903564
478,1.5113,0,1.88959,0.00194,1.527261765,0.00436439,1.708018415,0.004140206,1,0,1.3559673,0.514020952
479,1.51127,0,1.88853,0.00196,1.527092647,0.00439122,1.707457999,0.00414566,1,0,1.354682514,0.51613834
480,1.51124,0,1.88749,0.00197,1.526923529,0.004418049,1.706897583,0.004151114,1,0,1.353397729,0.518255728
481,1.5112,0,1.88648,0.00198,1.526754412,0.004444878,1.706337167,0.004156569,1,0,1.352112944,0.520373116
482,1.51117,0,1.88548,0.002,1.526585294,0.004471707,1.705776752,0.004162023,1,0,1.350828158,0.522490504
483,1.51114,0,1.88447,0.00201,1.526416176,0.004498537,1.705216336,0.004167478,1,0,1.349543373,0.524607891
484,1.5111,0,1.8834,0.00203,1.526247059,0.004525366,1.70465592,0.004172932,1,0,1.348258588,0.526725279
485,1.51107,0,1.88238,0.00204,1.526077941,0.004552195,1.704095504,0.004178387,1,0,1.346973802,0.528842667
486,1.51104,0,1.88137,0.00206,1.525908824,0.004579024,1.703535088,0.004183841,1,0,1.345689017,0.530960055
487,1.511,0,1.88037,0.00207,1.525739706,0.004605854,1.703026716,0.004206703,1,0,1.344347757,0.533326293
488,1.51097,0,1.87934,0.00209,1.525570588,0.004633577,1.702532388,0.004234263,1,0,1.342991259,0.535759682
489,1.51093,0,1.87828,0.0021,1.525401471,0.00466935,1.702038059,0.004261823,1,0,1.34163476,0.538193071
490,1.5109,0,1.87727,0.00212,1.525229412,0.004705122,1.70154373,0.004289383,1,0,1.340278261,0.540626459
491,1.51087,0,1.87627,0.00213,1.525052941,0.004740894,1.701049402,0.004316943,1,0,1.338921763,0.543059848
492,1.51083,0,1.87526,0.00215,1.524876471,0.004776667,1.700555073,0.004344502,1,0,1.337565264,0.545493236
493,1.5108,0,1.87426,0.00217,1.5247,0.004812439,1.700060744,0.004372062,1,0,1.336208765,0.547926625
494,1.51077,0,1.87326,0.00218,1.524523529,0.004848211,1.699566416,0.004399622,1,0,1.334852267,0.550360013
495,1.51073,0,1.87226,0.0022,1.524347059,0.004883984,1.699072087,0.004427182,1,0,1.333495768,0.552793402
496,1.5107,0,1.87126,0.00221,1.524170588,0.004919756,1.698581269,0.004454805,1,0,1.332135593,0.555252832
497,1.51067,0,1.87025,0.00223,1.523994118,0.004955528,1.698142482,0.004483359,1,0,1.330720925,0.558098274
498,1.51064,0,1.86925,0.00224,1.523817647,0.004991301,1.697703696,0.004511913,1,0,1.329306256,0.560943715
499,1.51061,0,1.86825,0.00226,1.523641176,0.005027073,1.69726491,0.004540467,1,0,1.327891588,0.563789157
500,1.51057,0,1.86725,0.00228,1.523464706,0.005062846,1.696826124,0.004569021,1,0,1.326476919,0.566634599
501,1.51054,0,1.86625,0.00229,1.523288235,0.005098618,1.696387337,0.004597576,1,0,1.325062251,0.56948004
502,1.51051,0,1.86524,0.00231,1.523111765,0.00513439,1.695948551,0.00462613,1,0,1.323647583,0.572325482
503,1.51048,0,1.86424,0.00233,1.522935294,0.005170163,1.695509765,0.004654684,1,0,1.322232914,0.575170924
504,1.51044,0,1.86324,0.00234,1.522758824,0.005205935,1.695070978,0.004683238,1,0,1.320818246,0.578016366
505,1.51041,0,1.86224,0.00236,1.522582353,0.005241707,1.694632192,0.004711793,1,0,1.319403578,0.580861807
506,1.51038,0,1.86123,0.00238,1.522405882,0.00527748,1.694193406,0.004740347,1,0,1.317988909,0.583707249
507,1.51035,0,1.86023,0.00239,1.522234359,0.005313252,1.693798144,0.004770059,1,0,1.316555807,0.587069523
508,1.51031,0,1.85923,0.00241,1.522070256,0.005349024,1.693405558,0.004799842,1,0,1.315121572,0.590463561
509,1.51028,0,1.85823,0.00243,1.521906154,0.005384797,1.693012971,0.004829625,1,0,1.313687336,0.593857598
510,1.51025,0,1.85723,0.00245,1.521742051,0.005420569,1.692620385,0.004859408,1,0,1.312253101,0.597251636
511,1.51022,0,1.85622,0.00246,1.521577949,0.005456341,1.692227798,0.004889191,1,0,1.310818865,0.600645674
512,1.51019,0,1.85522,0.00248,1.521413846,0.005492114,1.691835212,0.004918974,1,0,1.30938463,0.604039711
513,1.51015,0,1.85422,0.0025,1.521249744,0.005536716,1.691442625,0.004948757,1,0,1.307950395,0.607433749
514,1.51012,0,1.85327,0.00252,1.521085641,0.005590147,1.691050039,0.00497854,1,0,1.306516159,0.610827787
515,1.51009,0,1.85232,0.00253,1.520921538,0.005643578,1.690657452,0.005008323,1,0,1.305081924,0.614221824
516,1.51006,0,1.85131,0.00255,1.520757436,0.00569701,1.690264866,0.005038106,1,0,1.303647689,0.617615862
517,1.51002,0,1.85031,0.00257,1.520593333,0.005750441,1.689887392,0.005068385,1,0,1.302243177,0.621306424
518,1.50999,0,1.84931,0.00259,1.520429231,0.005803873,1.689532664,0.005099409,1,0,1.300883399,0.625443257
519,1.50996,0,1.84831,0.0026,1.520265128,0.005857304,1.689177935,0.005130433,1,0,1.299523621,0.62958009
520,1.50993,0,1.84731,0.00262,1.520101026,0.005910735,1.688823206,0.005161457,1,0,1.298163843,0.633716923
521,1.5099,0,1.8463,0.00264,1.519936923,0.005964167,1.688468478,0.005192481,1,0,1.296804065,0.637853756
522,1.50986,0,1.84536,0.00266,1.519772821,0.006017598,1.688113749,0.005223505,1,0,1.295444287,0.641990589
523,1.50983,0,1.8444,0.00268,1.519608718,0.006071029,1.68775902,0.005254529,1,0,1.294084509,0.646127422
524,1.5098,0,1.8434,0.0027,1.519444615,0.006124461,1.687404292,0.005285553,1,0,1.292724731,0.650264255
525,1.50977,0,1.8424,0.00272,1.519280513,0.006177892,1.687049563,0.005316577,1,0,1.291364953,0.654401088
526,1.50974,0,1.84139,0.00273,1.51911641,0.006231324,1.686694834,0.005347601,1,0,1.290005175,0.658537921
527,1.50971,0,1.84039,0.00275,1.518967647,0.006284755,1.686340106,0.005378625,1,0,1.288645397,0.662674754
528,1.50968,0,1.83942,0.00277,1.518820588,0.006338186,1.685997979,0.005410188,1,0,1.287403664,0.667223325
529,1.50965,0,1.83848,0.00279,1.518673529,0.006391618,1.685674161,0.005442535,1,0,1.286333424,0.672370063
530,1.50962,0,1.83748,0.00281,1.518526471,0.006445049,1.685350343,0.005474882,1,0,1.285263185,0.677516802
531,1.50959,0,1.83648,0.00283,1.518379412,0.00649848,1.685026525,0.005507229,1,0,1.284192946,0.68266354
532,1.50956,0,1.83548,0.00285,1.518232353,0.006551912,1.684702707,0.005539576,1,0,1.283122707,0.687810278
533,1.50953,0,1.83448,0.00287,1.518085294,0.006605829,1.684378889,0.005571923,1,0,1.282052468,0.692957017
534,1.50951,0,1.83349,0.00289,1.517938235,0.006664118,1.68405507,0.005604269,1,0,1.280982229,0.698103755
535,1.50948,0,1.83254,0.00291,1.517791176,0.006722406,1.683731252,0.005636616,1,0,1.27991199,0.703250493
536,1.50945,0,1.83157,0.00293,1.517644118,0.006780695,1.683407434,0.005668963,1,0,1.278841751,0.708397231
537,1.50942,0,1.83057,0.00295,1.517497059,0.006838984,1.683083616,0.00570131,1,0,1.277771512,0.71354397
538,1.50939,0,1.82957,0.00297,1.51735,0.006897273,1.682759798,0.005733657,1,0,1.276701273,0.718690708
539,1.50936,0,1.82857,0.00299,1.517202941,0.006955561,1.68243598,0.005766004,1,0,1.275631034,0.723837446
540,1.50933,0,1.82756,0.00301,1.517055882,0.00701385,1.682135742,0.005799645,1,0,1.275277849,0.730233886
541,1.5093,0,1.82661,0.00303,1.516908824,0.007072139,1.681837055,0.00583337,1,0,1.274971816,0.736712503
542,1.50927,0,1.82566,0.00305,1.516761765,0.007130428,1.681538368,0.005867095,1,0,1.274665783,0.74319112
543,1.50924,0,1.82465,0.00307,1.516614706,0.007188717,1.681239681,0.005900821,1,0,1.27435975,0.749669737
544,1.50921,0,1.82365,0.00309,1.516467647,0.007247005,1.680940995,0.005934546,1,0,1.274053717,0.756148354
545,1.50918,0,1.82265,0.00311,1.516320588,0.007305294,1.680642308,0.005968272,1,0,1.273747684,0.762626971
546,1.50915,0,1.82171,0.00314,1.516173529,0.007363583,1.680343621,0.006001997,1,0,1.273441651,0.769105588
547,1.50912,0,1.82075,0.00316,1.516014439,0.007421872,1.680044934,0.006035722,1,0,1.273135618,0.775584205
548,1.50909,0,1.81974,0.00318,1.515843316,0.00748016,1.679746247,0.006069448,1,0,1.272829585,0.782062822
549,1.50906,0,1.81874,0.0032,1.515672193,0.007538449,1.67944756,0.006103173,1,0,1.272523552,0.788541439
550,1.50903,0,1.81774,0.00322,1.51550107,0.007596738,1.679148873,0.006136899,1,0,1.272217519,0.795020056
551,1.509,0,1.81674,0.00324,1.515329947,0.007655027,1.678850186,0.006170624,1,0,1.271911486,0.801498672
552,1.50897,0,1.81574,0.00327,1.515158824,0.007710471,1.678571005,0.00620593,1,0,1.273286059,0.809441379
553,1.50894,0,1.81473,0.00329,1.514987701,0.007761647,1.678292652,0.006241303,1,0,1.274732117,0.817446362
554,1.50891,0,1.81379,0.00331,1.514816578,0.007812824,1.6780143,0.006276676,1,0,1.276178176,0.825451344
555,1.50888,0,1.81283,0.00333,1.514645455,0.007864,1.677735948,0.006312049,1,0,1.277624234,0.833456327
556,1.50886,0,1.81182,0.00335,1.514474332,0.007915176,1.677457596,0.006347421,1,0,1.279070292,0.841461309
557,1.50884,0,1.81082,0.00338,1.514303209,0.007966353,1.677179243,0.006382794,1,0,1.28051635,0.849466292
558,1.50881,0,1.80982,0.0034,1.514132086,0.008017529,1.676900891,0.006418167,1,0,1.281962409,0.857471275
559,1.50879,0,1.80882,0.00342,1.513960963,0.008068706,1.676622539,0.00645354,1,0,1.283408467,0.865476257
560,1.50876,0,1.80782,0.00344,1.51378984,0.008119882,1.676344187,0.006488913,1,0,1.284854525,0.87348124
561,1.50874,0,1.80681,0.00347,1.513618717,0.008171059,1.676065834,0.006524286,1,0,1.286300584,0.881486222
562,1.50872,0,1.80587,0.00349,1.513447594,0.008222235,1.675787482,0.006559659,1,0,1.287746642,0.889491205
563,1.50869,0,1.80491,0.00351,1.513276471,0.008273412,1.67550913,0.006595032,1,0,1.2891927,0.897496187
564,1.50867,0,1.8039,0.00354,1.513105348,0.008324588,1.675237859,0.006631083,1,0,1.292147373,0.905889046
565,1.50864,0,1.8029,0.00356,1.512934225,0.008375765,1.674975767,0.006668012,1,0,1.297057529,0.914784675
566,1.50862,0,1.8019,0.00358,1.512790196,0.008426941,1.674713676,0.006704941,1,0,1.301967686,0.923680304
567,1.5086,0,1.8009,0.00361,1.512652941,0.008478118,1.674451584,0.006741871,1,0,1.306877842,0.932575933
568,1.50857,0,1.7999,0.00363,1.512515686,0.008529294,1.674189492,0.0067788,1,0,1.311787998,0.941471561
569,1.50855,0,1.79889,0.00366,1.512378431,0.008586872,1.673927401,0.00681573,1,0,1.316698155,0.95036719
570,1.50852,0,1.79789,0.00368,1.512241176,0.008654051,1.673665309,0.006852659,1,0,1.321608311,0.959262819
571,1.5085,0,1.79689,0.0037,1.512103922,0.008721231,1.673403217,0.006889588,1,0,1.326518467,0.968158448
572,1.50848,0,1.79588,0.00373,1.511966667,0.00878841,1.673141125,0.006926518,1,0,1.331428624,0.977054076
573,1.50845,0,1.79488,0.00375,1.511829412,0.00885559,1.672879034,0.006963447,1,0,1.33633878,0.985949705
574,1.50843,0,1.79388,0.00378,1.511692157,0.008922769,1.672616942,0.007000376,1,0,1.341248936,0.994845334
575,1.5084,0,1.79287,0.0038,1.511554902,0.008989949,1.67235485,0.007037306,1,0,1.346159093,1.003740963
576,1.50838,0,1.79187,0.00383,1.511417647,0.009057128,1.672092759,0.007074235,1,0,1.351069249,1.012636591
577,1.50836,0,1.79087,0.00385,1.511280392,0.009124308,1.671835,0.007111787,1,0,1.35760346,1.020868981
578,1.50833,0,1.78987,0.00388,1.511143137,0.009191487,1.671586061,0.007150606,1,0,1.367443959,1.027751132
579,1.50831,0,1.78887,0.0039,1.511005882,0.009258667,1.671337123,0.007189426,1,0,1.377284458,1.034633283
580,1.50828,0,1.78786,0.00393,1.510868627,0.009325846,1.671088184,0.007228245,1,0,1.387124957,1.041515434
581,1.50826,0,1.78686,0.00395,1.510731373,0.009393026,1.670839246,0.007267064,1,0,1.396965455,1.048397585
582,1.50824,0,1.78586,0.00398,1.510594118,0.009460205,1.670590307,0.007305883,1,0,1.406805954,1.055279736
583,1.50821,0,1.78485,0.00401,1.510456863,0.009527385,1.670341369,0.007344703,1,0,1.416646453,1.062161888
584,1.50819,0,1.78385,0.00403,1.510319608,0.009594564,1.67009243,0.007383522,1,0,1.426486952,1.069044039
585,1.50816,0,1.78285,0.00406,1.510182353,0.009661744,1.669843492,0.007422341,1,0,1.43632745,1.07592619
586,1.50814,0,1.78184,0.00408,1.510040611,0.009728923,1.669594553,0.00746116,1,0,1.446167949,1.082808341
587,1.50812,0,1.78084,0.00411,1.50989214,0.009796103,1.669345615,0.00749998,1,0,1.456008448,1.089690492
588,1.50809,0,1.77984,0.00414,1.509743668,0.009863282,1.669096676,0.007538799,1,0,1.465848947,1.096572643
589,1.50807,0,1.77883,0.00416,1.509595197,0.00993573,1.668847738,0.007577618,1,0,1.475689445,1.103454794
590,1.50804,0,1.77783,0.00419,1.509446725,0.010008764,1.668598799,0.007616437,1,0,1.485529944,1.110336946
591,1.50802,0,1.77683,0.00422,1.509298253,0.010081798,1.668356006,0.00765638,1,0,1.496846135,1.113291872
592,1.508,0,1.77583,0.00425,1.509149782,0.010154831,1.668117326,0.007697074,1,0,1.509149816,1.113618817
593,1.50797,0,1.77482,0.00427,1.50900131,0.010227865,1.667878645,0.007737769,1,0,1.521453496,1.113945761
594,1.50795,0,1.77375,0.0043,1.508852838,0.010300899,1.667639965,0.007778463,1,0,1.533757177,1.114272706
595,1.50793,0,1.77272,0.00433,1.508704367,0.010373933,1.667401284,0.007819158,1,0,1.546060857,1.11459965
596,1.50791,0,1.77171,0.00436,1.508555895,0.010446966,1.667162604,0.007859852,1,0,1.558364538,1.114926595
597,1.50789,0,1.77071,0.00438,1.508407424,0.01052,1.666923923,0.007900547,1,0,1.570668218,1.115253539
598,1.50786,0,1.76971,0.00441,1.508258952,0.010593034,1.666685243,0.007941241,1,0,1.582971899,1.115580484
599,1.50784,0,1.76871,0.00444,1.50811048,0.010666067,1.666446562,0.007981936,1,0,1.595275579,1.115907428
600,1.50782,0,1.76766,0.00447,1.507962009,0.010739101,1.666207881,0.00802263,1,0,1.60757926,1.116234372
601,1.5078,0,1.7666,0.0045,1.507813537,0.010812135,1.665969201,0.008063324,1,0,1.619882941,1.116561317
602,1.50778,0,1.7656,0.00453,1.507665066,0.010885169,1.66573052,0.008104019,1,0,1.632186621,1.116888261
603,1.50776,0,1.7646,0.00455,1.507516594,0.010958202,1.66549184,0.008144713,1,0,1.644490302,1.117215206
604,1.50774,0,1.76359,0.00458,1.507368122,0.011031236,1.665253159,0.008185408,1,0,1.656793982,1.11754215
605,1.50771,0,1.76253,0.00461,1.507219651,0.01110427,1.665016097,0.00822652,1,0,1.668284902,1.116637535
606,1.50769,0,1.76149,0.00464,1.507071179,0.011177706,1.664785543,0.00826931,1,0,1.676506408,1.110778843
607,1.50767,0,1.76048,0.00467,1.506922707,0.011254765,1.664554989,0.008312101,1,0,1.684727915,1.104920152
608,1.50765,0,1.75943,0.0047,1.506774236,0.011331824,1.664324435,0.008354892,1,0,1.692949421,1.09906146
609,1.50763,0,1.75838,0.00473,1.506628344,0.011408882,1.664093881,0.008397683,1,0,1.701170928,1.093202769
610,1.50761,0,1.75737,0.00476,1.506485032,0.011485941,1.663863327,0.008440473,1,0,1.709392434,1.087344077
611,1.50758,0,1.75634,0.00479,1.50634172,0.011563,1.663632773,0.008483264,1,0,1.717613941,1.081485386
612,1.50756,0,1.75528,0.00482,1.506198408,0.011640059,1.663402218,0.008526055,1,0,1.725835447,1.075626695
613,1.50754,0,1.75426,0.00485,1.506055096,0.011717118,1.663171664,0.008568845,1,0,1.734056954,1.069768003
614,1.50752,0,1.75324,0.00488,1.505911783,0.011794176,1.66294111,0.008611636,1,0,1.74227846,1.063909312
615,1.5075,0,1.75217,0.00491,1.505768471,0.011871235,1.662710556,0.008654427,1,0,1.750499967,1.05805062
616,1.50748,0,1.75115,0.00495,1.505625159,0.011948294,1.662480002,0.008697218,1,0,1.758721473,1.052191929
617,1.50746,0,1.75014,0.00498,1.505481847,0.012025353,1.662249448,0.008740008,1,0,1.76694298,1.046333238
618,1.50743,0,1.74907,0.00501,1.505338535,0.012102412,1.662018894,0.008782799,1,0,1.775164486,1.040474546
619,1.50741,0,1.74804,0.00504,1.505195223,0.012179471,1.66178834,0.00882559,1,0,1.783385993,1.034615855
620,1.50739,0,1.74704,0.00507,1.505051911,0.012256529,1.661558267,0.008868559,1,0,1.791120008,1.028731989
621,1.50737,0,1.74597,0.0051,1.504908599,0.012333588,1.661333798,0.008913603,1,0,1.79317074,1.022554628
622,1.50735,0,1.74491,0.00514,1.504765287,0.012410647,1.661109329,0.008958648,1,0,1.795221472,1.016377267
623,1.50733,0,1.74385,0.00517,1.504621975,0.012488128,1.66088486,0.009003693,1,0,1.797272204,1.010199907
624,1.5073,0,1.74278,0.0052,1.504478662,0.012569412,1.660660391,0.009048738,1,0,1.799322936,1.004022546
625,1.50728,0,1.74172,0.00523,1.50433535,0.012650695,1.660435923,0.009093782,1,0,1.801373668,0.997845185
626,1.50726,0,1.74072,0.00527,1.504192038,0.012731979,1.660211454,0.009138827,1,0,1.8034244,0.991667825
627,1.50724,0,1.73968,0.0053,1.504048726,0.012813262,1.659986985,0.009183872,1,0,1.805475132,0.985490464
628,1.50722,0,1.73861,0.00533,1.503905414,0.012894545,1.659762516,0.009228917,1,0,1.807525864,0.979313104
629,1.5072,0,1.73755,0.00536,1.503762102,0.012975829,1.659538047,0.009273961,1,0,1.809576596,0.973135743
630,1.50718,0,1.73648,0.0054,1.50361879,0.013057112,1.659313578,0.009319006,1,0,1.811627328,0.966958382
631,1.50715,0,1.73541,0.00543,1.503475478,0.013138396,1.659089109,0.009364051,1,0,1.81367806,0.960781022
632,1.50713,0,1.73434,0.00547,1.503332166,0.013219679,1.658864641,0.009409096,1,0,1.815728792,0.954603661
633,1.50711,0,1.73328,0.0055,1.503188854,0.013300963,1.658640172,0.00945414,1,0,1.817779524,0.948426301
634,1.50709,0,1.73221,0.00553,1.503045541,0.013382246,1.658415703,0.009499185,1,0,1.819830256,0.94224894
635,1.50707,0,1.73115,0.00557,1.502902229,0.013463529,1.658191234,0.00954423,1,0,1.821880987,0.936071579
636,1.50706,0,1.73008,0.0056,1.502758917,0.013544813,1.657967609,0.009589728,1,0,1.823347093,0.930451367
637,1.50704,0,1.72902,0.00564,1.502615605,0.013626096,1.657747732,0.009637242,1,0,1.822215316,0.927306932
638,1.50703,0,1.72795,0.00567,1.502472293,0.01370738,1.657527855,0.009684755,1,0,1.821083539,0.924162497
639,1.50701,0,1.72688,0.00571,1.502328981,0.013788663,1.657307978,0.009732269,1,0,1.819951763,0.921018062
640,1.507,0,1.72582,0.00574,1.502185027,0.013869947,1.657088102,0.009779782,1,0,1.818819986,0.917873628
641,1.50698,0,1.72475,0.00578,1.502035294,0.01395123,1.656868225,0.009827296,1,0,1.817688209,0.914729193
642,1.50697,0,1.72369,0.00581,1.501885561,0.014031179,1.656648348,0.009874809,1,0,1.816556433,0.911584758
643,1.50695,0,1.72262,0.00585,1.501735829,0.014109128,1.656428471,0.009922322,1,0,1.815424656,0.908440323
644,1.50694,0,1.72155,0.00589,1.501586096,0.014187077,1.656208595,0.009969836,1,0,1.814292879,0.905295888
645,1.50692,0,1.72048,0.00592,1.501436364,0.014265026,1.655988718,0.010017349,1,0,1.813161103,0.902151453
646,1.50691,0,1.71942,0.00596,1.501286631,0.014342974,1.655768841,0.010064863,1,0,1.812029326,0.899007018
647,1.50689,0,1.71835,0.006,1.501136898,0.014420923,1.655548964,0.010112376,1,0,1.81089755,0.895862583
648,1.50688,0,1.71723,0.00603,1.500987166,0.014498872,1.655329087,0.01015989,1,0,1.809765773,0.892718148
649,1.50686,0,1.71612,0.00607,1.500837433,0.014576821,1.655109211,0.010207403,1,0,1.808633996,0.889573713
650,1.50685,0,1.71505,0.00611,1.500687701,0.014654769,1.654889334,0.010254917,1,0,1.80750222,0.886429278
651,1.50683,0,1.71399,0.00614,1.500537968,0.014732718,1.654669457,0.01030243,1,0,1.806370443,0.883284843
652,1.50682,0,1.71291,0.00618,1.500388235,0.014810667,1.65444958,0.010349944,1,0,1.805238666,0.880140408
653,1.5068,0,1.71178,0.00622,1.500238503,0.014888615,1.654231159,0.010398661,1,0,1.803877317,0.878362432
654,1.50679,0,1.71069,0.00626,1.50008877,0.014966564,1.654014505,0.010448842,1,0,1.802237186,0.878243814
655,1.50677,0,1.70962,0.0063,1.499939037,0.015044513,1.653797851,0.010499022,1,0,1.800597056,0.878125195
656,1.50676,0,1.70855,0.00634,1.499789305,0.015122462,1.653581196,0.010549202,1,0,1.798956925,0.878006577
657,1.50674,0,1.70746,0.00637,1.499639572,0.01520041,1.653364542,0.010599383,1,0,1.797316794,0.877887959
658,1.50673,0,1.70634,0.00641,1.49948984,0.015278359,1.653147888,0.010649563,1,0,1.795676664,0.87776934
659,1.50671,0,1.70525,0.00645,1.499341176,0.015356308,1.652931234,0.010699743,1,0,1.794036533,0.877650722
660,1.5067,0,1.70418,0.00649,1.499194118,0.015434256,1.65271458,0.010749924,1,0,1.792396403,0.877532104
661,1.50668,0,1.70304,0.00653,1.499047059,0.015512205,1.652497925,0.010800104,1,0,1.790756272,0.877413485
662,1.50667,0,1.70192,0.00657,1.4989,0.015611588,1.652281271,0.010850284,1,0,1.789116141,0.877294867
663,1.50665,0,1.70079,0.00661,1.498752941,0.015713353,1.652064617,0.010900465,1,0,1.787476011,0.877176249
664,1.50664,0,1.69972,0.00665,1.498605882,0.015815118,1.651847963,0.010950645,1,0,1.78583588,0.877057631
665,1.50662,0,1.69863,0.00669,1.498458824,0.015916882,1.651631309,0.011000825,1,0,1.784195749,0.876939012
666,1.50661,0,1.69749,0.00673,1.498311765,0.016018647,1.651414654,0.011051005,1,0,1.782555619,0.876820394
667,1.50659,0,1.69637,0.00677,1.498164706,0.016120412,1.651198,0.011101186,1,0,1.780915488,0.876701776
668,1.50658,0,1.69525,0.00681,1.498017647,0.016222176,1.650981346,0.011151366,1,0,1.779275357,0.876583157
669,1.50656,0,1.69418,0.00686,1.497870588,0.016323941,1.650764692,0.011201546,1,0,1.777635227,0.876464539
670,1.50655,0,1.69308,0.0069,1.497723529,0.016425706,1.650548038,0.011251727,1,0,1.775995096,0.876345921
671,1.50653,0,1.69194,0.00694,1.497576471,0.016527471,1.650333192,0.011304264,1,0,1.774976653,0.878072649
672,1.50652,0,1.69082,0.00698,1.497429412,0.016629235,1.650118756,0.011357336,1,0,1.774099143,0.880217705
673,1.5065,0,1.68969,0.00702,1.497282353,0.016731,1.649904321,0.011410408,1,0,1.773221632,0.882362761
674,1.50649,0,1.68856,0.00707,1.497135294,0.016832765,1.649689885,0.011463479,1,0,1.772344122,0.884507816
675,1.50647,0,1.68743,0.00711,1.496988235,0.016934529,1.649475449,0.011516551,1,0,1.771466611,0.886652872
676,1.50646,0,1.6863,0.00715,1.496841176,0.017036294,1.649261013,0.011569623,1,0,1.770589101,0.888797928
677,1.50645,0,1.68517,0.00719,1.496694118,0.017138059,1.649046578,0.011622695,1,0,1.76971159,0.890942983
678,1.50643,0,1.68404,0.00724,1.496547059,0.017239824,1.648832142,0.011675767,1,0,1.768834079,0.893088039
679,1.50642,0,1.68291,0.00728,1.4964,0.017348547,1.648617706,0.011728838,1,0,1.767956569,0.895233095
680,1.5064,0,1.68178,0.00733,1.496264253,0.017458045,1.64840327,0.01178191,1,0,1.767079058,0.89737815
681,1.50639,0,1.68065,0.00737,1.496128507,0.017567542,1.648188835,0.011834982,1,0,1.766201548,0.899523206
682,1.50637,0,1.67952,0.00741,1.49599276,0.017677039,1.647974399,0.011888054,1,0,1.765324037,0.901668262
683,1.50636,0,1.67839,0.00746,1.495857014,0.017786536,1.647759963,0.011941125,1,0,1.764446527,0.903813318
684,1.50634,0,1.67726,0.0075,1.495721267,0.017896034,1.647545527,0.011994197,1,0,1.763569016,0.905958373
685,1.50633,0,1.67613,0.00755,1.49558552,0.018005531,1.647331092,0.012047269,1,0,1.762691505,0.908103429
686,1.50632,0,1.67496,0.00759,1.495449774,0.018115028,1.647116656,0.012100341,1,0,1.761813995,0.910248485
687,1.50631,0,1.67377,0.00764,1.495314027,0.018224525,1.64690222,0.012153412,1,0,1.760936484,0.91239354
688,1.5063,0,1.67264,0.00769,1.495178281,0.018334022,1.646687784,0.012206484,1,0,1.760058974,0.914538596
689,1.50629,0,1.67151,0.00773,1.495042534,0.01844352,1.646473592,0.012260178,1,0,1.759474926,0.917019773
690,1.50628,0,1.67038,0.00778,1.494906787,0.018553017,1.646260381,0.012316377,1,0,1.760072842,0.920854733
691,1.50627,0,1.6692,0.00783,1.494771041,0.018662514,1.646047169,0.012372576,1,0,1.760670759,0.924689692
692,1.50626,0,1.66802,0.00787,1.494635294,0.018772011,1.645833958,0.012428776,1,0,1.761268676,0.928524651
693,1.50625,0,1.66689,0.00792,1.494499548,0.018881508,1.645620747,0.012484975,1,0,1.761866592,0.932359611
694,1.50624,0,1.66576,0.00797,1.494363801,0.018991006,1.645407535,0.012541174,1,0,1.762464509,0.93619457
695,1.50623,0,1.66463,0.00801,1.494228054,0.019100503,1.645194324,0.012597373,1,0,1.763062426,0.94002953
696,1.50622,0,1.66343,0.00806,1.494092308,0.01921,1.644981113,0.012653572,1,0,1.763660342,0.943864489
697,1.50621,0,1.66227,0.00811,1.493956561,0.019331348,1.644767901,0.012709772,1,0,1.764258259,0.947699448
698,1.5062,0,1.66114,0.00816,1.493820814,0.019452697,1.64455469,0.012765971,1,0,1.764856176,0.951534408
699,1.50619,0,1.65995,0.00821,1.493685068,0.019574045,1.644341478,0.01282217,1,0,1.765454092,0.955369367
700,1.50618,0,1.65875,0.00826,1.493549321,0.019695393,1.644128267,0.012878369,1,0,1.766052009,0.959204326
701,1.50617,0,1.65756,0.00831,1.493413575,0.019816742,1.643915056,0.012934568,1,0,1.766649926,0.963039286
702,1.50616,0,1.65641,0.00836,1.493274236,0.01993809,1.643701844,0.012990767,1,0,1.767247842,0.966874245
703,1.50615,0,1.65528,0.0084,1.493134498,0.020059438,1.643488633,0.013046967,1,0,1.767845759,0.970709204
704,1.50614,0,1.65409,0.00846,1.49299476,0.020180787,1.643275422,0.013103166,1,0,1.768443676,0.974544164
705,1.50613,0,1.65289,0.00851,1.492855022,0.020302135,1.64306221,0.013159365,1,0,1.769041592,0.978379123
706,1.50612,0,1.6517,0.00856,1.492715284,0.020423483,1.642848999,0.013215564,1,0,1.769639509,0.982214082
707,1.50611,0,1.6505,0.00861,1.492575546,0.020544831,1.642635787,0.013271763,1,0,1.770237426,0.986049042
708,1.5061,0,1.64931,0.00866,1.492435808,0.02066618,1.642422576,0.013327963,1,0,1.770835342,0.989884001
709,1.50609,0,1.64811,0.00871,1.49229607,0.020787528,1.642209634,0.013385978,1,0,1.772615731,0.994341355
710,1.50608,0,1.64692,0.00876,1.492156332,0.020908876,1.641996941,0.013445678,1,0,1.775492454,0.999375764
711,1.50607,0,1.64573,0.00881,1.492016594,0.021030225,1.641784249,0.013505378,1,0,1.778369177,1.004410173
712,1.50606,0,1.64454,0.00887,1.491876856,0.021151573,1.641571557,0.013565078,1,0,1.7812459,1.009444582
713,1.50605,0,1.64334,0.00892,1.491737118,0.021272921,1.641358864,0.013624777,1,0,1.784122623,1.014478991
714,1.50604,0,1.64215,0.00897,1.49159738,0.021394167,1.641146172,0.013684477,1,0,1.786999346,1.0195134
715,1.50603,0,1.64095,0.00902,1.491457642,0.021515,1.640933479,0.013744177,1,0,1.789876069,1.024547809
716,1.50602,0,1.63976,0.00908,1.491317904,0.021635833,1.640720787,0.013803877,1,0,1.792752791,1.029582217
717,1.50601,0,1.63856,0.00913,1.491178166,0.021756667,1.640508094,0.013863576,1,0,1.795629514,1.034616626
718,1.506,0,1.63737,0.00919,1.491038428,0.0218775,1.640295402,0.013923276,1,0,1.798506237,1.039651035
719,1.50599,0,1.63618,0.00924,1.49089869,0.021998333,1.640082709,0.013982976,1,0,1.80138296,1.044685444
720,1.50598,0,1.63499,0.00929,1.490758952,0.022119167,1.639870017,0.014042676,1,0,1.804259683,1.049719853
721,1.50597,0,1.63376,0.00935,1.490619214,0.02224,1.639657325,0.014102375,1,0,1.807136406,1.054754262
722,1.50596,0,1.6325,0.0094,1.490479476,0.022360833,1.639444632,0.014162075,1,0,1.810013128,1.059788671
723,1.50595,0,1.6313,0.00946,1.490339738,0.022481667,1.63923194,0.014221775,1,0,1.812889851,1.06482308
724,1.50594,0,1.63008,0.00952,1.4902,0.0226025,1.639019247,0.014281475,1,0,1.815766574,1.069857489
725,1.50593,0,1.62883,0.00957,1.490064253,0.022723333,1.638806555,0.014341175,1,0,1.818643297,1.074891898
726,1.50592,0,1.62762,0.00963,1.489928507,0.022844167,1.638593862,0.014400874,1,0,1.82152002,1.079926307
727,1.50591,0,1.62641,0.00969,1.48979276,0.022965,1.63838117,0.014460574,1,0,1.824396743,1.084960716
728,1.5059,0,1.62515,0.00974,1.489657014,0.023085833,1.638168478,0.014520274,1,0,1.827273466,1.089995125
729,1.50589,0,1.62394,0.0098,1.489521267,0.023205448,1.637955785,0.014579974,1,0,1.830150188,1.095029534
730,1.50588,0,1.62274,0.00986,1.48938552,0.023324759,1.63774302,0.014642251,1,0,1.835378865,1.100211838
731,1.50587,0,1.62148,0.00992,1.489249774,0.023444069,1.63753022,0.014705733,1,0,1.841707742,1.105463324
732,1.50586,0,1.62025,0.00997,1.489114027,0.023563379,1.63731742,0.014769215,1,0,1.84803662,1.11071481
733,1.50586,0,1.61905,0.01003,1.488978281,0.02368269,1.637104621,0.014832698,1,0,1.854365498,1.115966297
734,1.50585,0,1.6178,0.01009,1.488842534,0.023802,1.636891821,0.01489618,1,0,1.860694376,1.121217783
735,1.50584,0,1.61655,0.01015,1.488706787,0.02392131,1.636679021,0.014959663,1,0,1.867023254,1.12646927
736,1.50583,0,1.6153,0.01021,1.488571041,0.024040621,1.636466222,0.015023145,1,0,1.873352132,1.131720756
737,1.50582,0,1.61405,0.01027,1.488435294,0.024159931,1.636253422,0.015086628,1,0,1.87968101,1.136972242
738,1.50581,0,1.61279,0.01033,1.488299548,0.024279241,1.636040622,0.01515011,1,0,1.886009888,1.142223729
739,1.5058,0,1.61153,0.01039,1.488163801,0.024398552,1.635827823,0.015213593,1,0,1.892338766,1.147475215
740,1.50579,0,1.61027,0.01045,1.488028054,0.024517862,1.635615023,0.015277075,1,0,1.898667644,1.152726702
741,1.50578,0,1.60901,0.01051,1.487892308,0.024637172,1.635402223,0.015340557,1,0,1.904996522,1.157978188
742,1.50576,0,1.60776,0.01058,1.487756561,0.024756483,1.635189424,0.01540404,1,0,1.9113254,1.163229674
743,1.50575,0,1.6065,0.01064,1.487620814,0.024889765,1.634976624,0.015467522,1,0,1.917654278,1.168481161
744,1.50574,0,1.60524,0.0107,1.487485068,0.025055647,1.634763824,0.015531005,1,0,1.923983156,1.173732647
745,1.50573,0,1.60398,0.01076,1.487349321,0.025221529,1.634551025,0.015594487,1,0,1.930312034,1.178984133
746,1.50572,0,1.60272,0.01083,1.487213575,0.025387412,1.634338225,0.01565797,1,0,1.936640912,1.18423562
747,1.50571,0,1.60147,0.01089,1.487084286,0.025553294,1.634125426,0.015721452,1,0,1.94296979,1.189487106
748,1.5057,0,1.60021,0.01095,1.486955714,0.025719176,1.633912626,0.015784934,1,0,1.949298668,1.194738593
749,1.50569,0,1.59895,0.01102,1.486827143,0.025885059,1.633699826,0.015848417,1,0,1.955627546,1.199990079
750,1.50568,0,1.59769,0.01108,1.486698571,0.026050941,1.633487027,0.015911899,1,0,1.961956424,1.205241565
751,1.50566,0,1.59641,0.01115,1.48657,0.026216824,1.633274227,0.015975382,1,0,1.968285301,1.210493052
752,1.50565,0,1.59509,0.01121,1.486441429,0.026382706,1.633061104,0.016041295,1,0,1.977215419,1.214396625
753,1.50564,0,1.59382,0.01128,1.486312857,0.026548588,1.632847748,0.016108965,1,0,1.988023786,1.217326924
754,1.50563,0,1.59255,0.01134,1.486184286,0.026714471,1.632634393,0.016176634,1,0,1.998832153,1.220257224
755,1.50562,0,1.59123,0.01141,1.486055714,0.026880353,1.632421037,0.016244303,1,0,2.009640521,1.223187523
756,1.50561,0,1.58995,0.01148,1.485927143,0.027046235,1.632207681,0.016311972,1,0,2.020448888,1.226117823
757,1.5056,0,1.58868,0.01154,1.485798571,0.027212118,1.631994325,0.016379641,1,0,2.031257255,1.229048122
758,1.50559,0,1.58737,0.01161,1.48567,0.027378,1.631780969,0.01644731,1,0,2.042065623,1.231978422
759,1.50558,0,1.58607,0.01168,1.485541429,0.027543882,1.631567614,0.016514979,1,0,2.05287399,1.234908721
760,1.50556,0,1.58482,0.01175,1.485412857,0.027703333,1.631354258,0.016582649,1,0,2.063682357,1.237839021
761,1.50555,0,1.5835,0.01181,1.485284286,0.027847778,1.631140902,0.016650318,1,0,2.074490725,1.24076932
762,1.50554,0,1.58218,0.01188,1.485155714,0.027992222,1.630927546,0.016717987,1,0,2.085299092,1.24369962
763,1.50553,0,1.58086,0.01195,1.485027143,0.028136667,1.63071419,0.016785656,1,0,2.096107459,1.24662992
764,1.50552,0,1.57954,0.01202,1.484898571,0.028281111,1.630500834,0.016853325,1,0,2.106915826,1.249560219
765,1.50551,0,1.57822,0.01209,1.48477,0.028425556,1.630287479,0.016920994,1,0,2.117724194,1.252490519
766,1.5055,0,1.5769,0.01216,1.484641429,0.02857,1.630074123,0.016988663,1,0,2.128532561,1.255420818
767,1.50549,0,1.57561,0.01223,1.484512857,0.028714444,1.629860767,0.017056333,1,0,2.139340928,1.258351118
768,1.50547,0,1.57435,0.0123,1.484384286,0.028858889,1.629647411,0.017124002,1,0,2.150149296,1.261281417
769,1.50546,0,1.57304,0.01238,1.484255714,0.029003333,1.629434055,0.017191671,1,0,2.160957663,1.264211717
770,1.50545,0,1.57169,0.01245,1.484127143,0.029147778,1.6292207,0.01725934,1,0,2.17176603,1.267142016
771,1.50544,0,1.5703,0.01252,1.483998571,0.029292222,1.629007344,0.017327009,1,0,2.182574398,1.270072316
772,1.50543,0,1.56896,0.01259,1.48387,0.029436667,1.628793988,0.017394678,1,0,2.193382765,1.273002615
773,1.50542,0,1.56764,0.01267,1.483741429,0.029581111,1.628580632,0.017462347,1,0,2.204191132,1.275932915
774,1.50541,0,1.56632,0.01274,1.483612857,0.029738511,1.628367276,0.017530017,1,0,2.214999499,1.278863214
775,1.5054,0,1.565,0.01282,1.483481818,0.029899149,1.628153842,0.017598134,1,0,2.226077943,1.281131172
776,1.50539,0,1.56368,0.01289,1.483350505,0.030059787,1.627939695,0.017670344,1,0,2.239619876,1.277357609
777,1.50539,0,1.56236,0.01296,1.483219192,0.030220426,1.627725547,0.017742553,1,0,2.25316181,1.273584046
778,1.50538,0,1.56102,0.01304,1.483087879,0.030381064,1.6275114,0.017814762,1,0,2.266703743,1.269810483
779,1.50538,0,1.55963,0.01312,1.482956566,0.030541702,1.627297253,0.017886971,1,0,2.280245676,1.26603692
780,1.50538,0,1.5583,0.01319,1.482825253,0.03070234,1.627083105,0.01795918,1,0,2.29378761,1.262263357
781,1.50538,0,1.55697,0.01327,1.482693939,0.030862979,1.626868958,0.01803139,1,0,2.307329543,1.258489794
782,1.50538,0,1.55558,0.01335,1.482562626,0.031023617,1.62665481,0.018103599,1,0,2.320871477,1.254716231
783,1.50538,0,1.55423,0.01342,1.482431313,0.031183824,1.626440663,0.018175808,1,0,2.33441341,1.250942668
784,1.50537,0,1.55291,0.0135,1.4823,0.031343382,1.626226516,0.018248017,1,0,2.347955343,1.247169105
785,1.50537,0,1.55152,0.01358,1.482168687,0.031502941,1.626012368,0.018320227,1,0,2.361497277,1.243395542
786,1.50537,0,1.55013,0.01366,1.482037374,0.0316625,1.625798221,0.018392436,1,0,2.37503921,1.239621979
787,1.50537,0,1.54875,0.01374,1.481906061,0.031822059,1.625584073,0.018464645,1,0,2.388581143,1.235848416
788,1.50537,0,1.54742,0.01382,1.481774747,0.031981618,1.625369926,0.018536854,1,0,2.402123077,1.232074853
789,1.50536,0,1.54608,0.0139,1.481643434,0.032141176,1.625155778,0.018609064,1,0,2.41566501,1.22830129
790,1.50536,0,1.5447,0.01398,1.481512121,0.032300735,1.624941631,0.018681273,1,0,2.429206944,1.224527727
791,1.50536,0,1.54331,0.01406,1.481380808,0.032460294,1.624727484,0.018753482,1,0,2.442748877,1.220754164
792,1.50536,0,1.54193,0.01414,1.481249495,0.032619853,1.624513336,0.018825691,1,0,2.45629081,1.216980601
793,1.50536,0,1.54055,0.01422,1.481118182,0.032779412,1.624299189,0.018897901,1,0,2.469832744,1.213207038
794,1.50536,0,1.53916,0.01431,1.480986869,0.032938971,1.624085041,0.01897011,1,0,2.483374677,1.209433475
795,1.50535,0,1.53777,0.01439,1.480855556,0.033098529,1.623870894,0.019042319,1,0,2.49691661,1.205659912
796,1.50535,0,1.53638,0.01447,1.480724242,0.033258088,1.623656747,0.019114528,1,0,2.510458544,1.201886349
797,1.50535,0,1.535,0.01456,1.480592929,0.033439921,1.623442599,0.019186738,1,0,2.524000477,1.198112786
798,1.50535,0,1.53362,0.01464,1.480461616,0.033627323,1.623228452,0.019258947,1,0,2.53754241,1.194339223
799,1.50535,0,1.53223,0.01472,1.480330303,0.033814724,1.623014304,0.019331156,1,0,2.551084344,1.19056566
800,1.50534,0,1.53084,0.01481,1.48019899,0.034002126,1.622800053,0.019403888,1,0,2.56420297,1.185971261
801,1.50534,0,1.52939,0.0149,1.480067677,0.034189528,1.622584889,0.019481223,1,0,2.573594831,1.174150294
802,1.50534,0,1.52798,0.01498,1.479936364,0.034376929,1.622369724,0.019558558,1,0,2.582986691,1.162329327
803,1.50534,0,1.52659,0.01507,1.479805051,0.034564331,1.622154559,0.019635892,1,0,2.592378552,1.150508359
804,1.50534,0,1.5252,0.01516,1.47967479,0.034751732,1.621939395,0.019713227,1,0,2.601770413,1.138687392
805,1.50534,0,1.5238,0.01524,1.479548739,0.034939134,1.62172423,0.019790562,1,0,2.611162273,1.126866424
806,1.50533,0,1.52235,0.01533,1.479422689,0.035126535,1.621509065,0.019867897,1,0,2.620554134,1.115045457
807,1.50533,0,1.5209,0.01542,1.479296639,0.035313937,1.621293901,0.019945231,1,0,2.629945995,1.10322449
808,1.50533,0,1.51946,0.01551,1.479170588,0.035501339,1.621078736,0.020022566,1,0,2.639337856,1.091403522
809,1.50533,0,1.51807,0.0156,1.479044538,0.035689459,1.620863571,0.020099901,1,0,2.648729716,1.079582555
810,1.50533,0,1.51665,0.01569,1.478918487,0.035884054,1.620648407,0.020177236,1,0,2.658121577,1.067761587
811,1.50532,0,1.5152,0.01578,1.478792437,0.036078649,1.620433242,0.020254571,1,0,2.667513438,1.05594062
812,1.50532,0,1.51375,0.01587,1.478666387,0.036273243,1.620218077,0.020331905,1,0,2.676905298,1.044119653
813,1.50532,0,1.51234,0.01596,1.478540336,0.036467838,1.620002913,0.02040924,1,0,2.686297159,1.032298685
814,1.50532,0,1.51095,0.01606,1.478414286,0.036662432,1.619787748,0.020486575,1,0,2.69568902,1.020477718
815,1.50532,0,1.50951,0.01615,1.478288235,0.036857027,1.619572583,0.02056391,1,0,2.705080881,1.00865675
816,1.50532,0,1.50806,0.01624,1.478162185,0.037051622,1.619357419,0.020641244,1,0,2.714472741,0.996835783
817,1.50531,0,1.50661,0.01634,1.478036134,0.037246216,1.619142254,0.020718579,1,0,2.723864602,0.985014816
818,1.50531,0,1.50516,0.01643,1.477910084,0.037440811,1.618927089,0.020795914,1,0,2.733256463,0.973193848
819,1.50531,0,1.50371,0.01653,1.477784034,0.037635405,1.618711925,0.020873249,1,0,2.742648324,0.961372881
820,1.50531,0,1.50219,0.01662,1.477657983,0.03783,1.61849676,0.020950583,1,0,2.752040184,0.949551913
821,1.50531,0,1.5007,0.01672,1.477531933,0.038050339,1.618281595,0.021027918,1,0,2.761432045,0.937730946
822,1.5053,0,1.49926,0.01682,1.477405882,0.038270678,1.618066431,0.021105253,1,0,2.770823906,0.925909979
823,1.5053,0,1.49782,0.01691,1.477279832,0.038491017,1.617851266,0.021182588,1,0,2.780215766,0.914089011
824,1.5053,0,1.49636,0.01701,1.477153782,0.038711356,1.617636101,0.021259922,1,0,2.789607627,0.902268044
825,1.5053,0,1.49491,0.01711,1.477027731,0.038931695,1.617420937,0.021337257,1,0,2.798999488,0.890447076
826,1.5053,0,1.49341,0.01721,1.476901681,0.039152034,1.617205772,0.021414592,1,0,2.808391349,0.878626109
827,1.5053,0,1.49191,0.01731,1.47677563,0.039372373,1.616990171,0.021494402,1,0,2.813905037,0.866175821
828,1.50529,0,1.49047,0.01741,1.47665935,0.039592712,1.616774011,0.021577378,1,0,2.814456751,0.852920342
829,1.50529,0,1.48898,0.01751,1.476557724,0.039813051,1.616557852,0.021660354,1,0,2.815008464,0.839664862
830,1.50529,0,1.48746,0.01761,1.476456098,0.04003339,1.616341692,0.021743331,1,0,2.815560178,0.826409383
831,1.50529,0,1.48601,0.01771,1.476354472,0.040253729,1.616125533,0.021826307,1,0,2.816111892,0.813153903
832,1.50529,0,1.48454,0.01782,1.476252846,0.040470706,1.615909373,0.021909283,1,0,2.816663605,0.799898424
833,1.50529,0,1.48303,0.01792,1.47615122,0.040674235,1.615693214,0.02199226,1,0,2.817215319,0.786642945
834,1.50528,0,1.48151,0.01802,1.476049593,0.040877765,1.615477054,0.022075236,1,0,2.817767033,0.773387465
835,1.50528,0,1.48,0.01813,1.475947967,0.041081294,1.615260895,0.022158212,1,0,2.818318747,0.760131986
836,1.50528,0,1.47849,0.01823,1.475846341,0.041284824,1.615044735,0.022241189,1,0,2.81887046,0.746876506
837,1.50528,0,1.47697,0.01834,1.475744715,0.041488353,1.614828576,0.022324165,1,0,2.819422174,0.733621027
838,1.50528,0,1.47545,0.01844,1.475643089,0.041691882,1.614612416,0.022407141,1,0,2.819973888,0.720365548
839,1.50527,0,1.47395,0.01855,1.475541463,0.041895412,1.614396257,0.022490118,1,0,2.820525602,0.707110068
840,1.50527,0,1.47243,0.01866,1.475439837,0.042098941,1.614180097,0.022573094,1,0,2.821077315,0.693854589
841,1.50527,0,1.47091,0.01877,1.475338211,0.042302471,1.613963938,0.022656071,1,0,2.821629029,0.680599109
842,1.50527,0,1.4694,0.01888,1.475236585,0.042506,1.613747778,0.022739047,1,0,2.822180743,0.66734363
843,1.50527,0,1.46789,0.01898,1.475134959,0.042709529,1.613531619,0.022822023,1,0,2.822732457,0.65408815
844,1.50527,0,1.46638,0.01909,1.475033333,0.042913059,1.613315459,0.022905,1,0,2.82328417,0.640832671
845,1.50526,0,1.46482,0.01921,1.474931707,0.043116588,1.6130993,0.022987976,1,0,2.823835884,0.627577192
846,1.50526,0,1.46325,0.01932,1.474830081,0.043320118,1.61288314,0.023070952,1,0,2.824387598,0.614321712
847,1.50526,0,1.46174,0.01943,1.474728455,0.043523647,1.612666981,0.023153929,1,0,2.824939311,0.601066233
848,1.50526,0,1.46023,0.01954,1.474626829,0.043727176,1.612450821,0.023236905,1,0,2.825491025,0.587810753
849,1.50526,0,1.45871,0.01965,1.474525203,0.043933957,1.612234662,0.023319881,1,0,2.826042739,0.574555274
850,1.50525,0,1.45714,0.01977,1.474423577,0.044153743,1.612018502,0.023402858,1,0,2.826594453,0.561299794
851,1.50525,0,1.45556,0.01988,1.474321951,0.044373529,1.611802343,0.023485834,1,0,2.827146166,0.548044315
852,1.50525,0,1.45398,0.02,1.474220325,0.044593316,1.611586183,0.02356881,1,0,2.82769788,0.534788836
853,1.50525,0,1.45245,0.02012,1.474115152,0.044813102,1.611370024,0.023651787,1,0,2.828249594,0.521533356
854,1.50525,0,1.45093,0.02023,1.474009091,0.045032888,1.611153864,0.023734763,1,0,2.828801308,0.508277877
855,1.50525,0,1.44935,0.02035,1.47390303,0.045252674,1.610937705,0.023817739,1,0,2.829353021,0.495022397
856,1.50524,0,1.44777,0.02047,1.47379697,0.04547246,1.61072075,0.023906576,1,0,2.824999309,0.485999831
857,1.50524,0,1.4462,0.02059,1.473690909,0.045692246,1.610503742,0.023995809,1,0,2.820313541,0.477263797
858,1.50524,0,1.44461,0.02071,1.473584848,0.045912032,1.610286733,0.024085042,1,0,2.815627772,0.468527763
859,1.50524,0,1.44304,0.02083,1.473478788,0.046131818,1.610069725,0.024174275,1,0,2.810942004,0.459791729
860,1.50524,0,1.44146,0.02095,1.473372727,0.046351604,1.609852717,0.024263508,1,0,2.806256235,0.451055696
861,1.50523,0,1.43989,0.02107,1.473266667,0.04657139,1.609635708,0.024352741,1,0,2.801570466,0.442319662
862,1.50523,0,1.43831,0.02119,1.473160606,0.046791176,1.6094187,0.024441974,1,0,2.796884698,0.433583628
863,1.50523,0,1.43674,0.02131,1.473054545,0.047010963,1.609201692,0.024531207,1,0,2.792198929,0.424847594
864,1.50523,0,1.43511,0.02144,1.472948485,0.047230749,1.608984683,0.02462044,1,0,2.787513161,0.41611156
865,1.50523,0,1.43347,0.02156,1.472842424,0.047450535,1.608767675,0.024709673,1,0,2.782827392,0.407375527
866,1.50523,0,1.43189,0.02169,1.472736364,0.047670321,1.608550667,0.024798907,1,0,2.778141624,0.398639493
867,1.50522,0,1.43029,0.02181,1.472630303,0.047890107,1.608333659,0.02488814,1,0,2.773455855,0.389903459
868,1.50522,0,1.42865,0.02194,1.472524242,0.048112069,1.60811665,0.024977373,1,0,2.768770087,0.381167425
869,1.50522,0,1.42706,0.02207,1.472418182,0.048336207,1.607899642,0.025066606,1,0,2.764084318,0.372431391
870,1.50522,0,1.42546,0.0222,1.472312121,0.048560345,1.607682634,0.025155839,1,0,2.759398549,0.363695358
871,1.50522,0,1.42382,0.02233,1.472206061,0.048784483,1.607465625,0.025245072,1,0,2.754712781,0.354959324
872,1.50521,0,1.42223,0.02246,1.4721,0.049008621,1.607248617,0.025334305,1,0,2.750027012,0.34622329
873,1.50521,0,1.42064,0.02259,1.471993939,0.049232759,1.607031609,0.025423538,1,0,2.745341244,0.337487256
874,1.50521,0,1.41899,0.02272,1.471887879,0.049456897,1.6068146,0.025512771,1,0,2.740655475,0.328751222
875,1.50521,0,1.41735,0.02285,1.471781818,0.049681034,1.606597592,0.025602004,1,0,2.735969707,0.320015189
876,1.50521,0,1.41572,0.02299,1.471675758,0.049905172,1.606380584,0.025691237,1,0,2.731283938,0.311279155
877,1.50521,0,1.41407,0.02312,1.471569697,0.05012931,1.606163575,0.025780471,1,0,2.72659817,0.302543121
878,1.5052,0,1.41243,0.02325,1.471463636,0.050353448,1.605946567,0.025869704,1,0,2.721912401,0.293807087
879,1.5052,0,1.41079,0.02339,1.471360976,0.050577586,1.605729559,0.025958937,1,0,2.717226633,0.285071053
880,1.5052,0,1.40915,0.02353,1.471263415,0.050801724,1.60551255,0.02604817,1,0,2.712540864,0.27633502
881,1.5052,0,1.40749,0.02366,1.471165854,0.051025862,1.605295542,0.026137403,1,0,2.707855095,0.267598986
882,1.5052,0,1.40578,0.0238,1.471068293,0.05125,1.605078534,0.026226636,1,0,2.703169327,0.258862952
883,1.5052,0,1.40412,0.02394,1.470970732,0.051524576,1.604861525,0.026315869,1,0,2.698483558,0.250126918
884,1.50519,0,1.40247,0.02408,1.470873171,0.051799153,1.604644517,0.026405102,1,0,2.69379779,0.241390885
885,1.50519,0,1.40084,0.02422,1.47077561,0.052073729,1.604427509,0.026494335,1,0,2.689112021,0.232654851
886,1.50519,0,1.39916,0.02436,1.470678049,0.052348305,1.604210317,0.026586353,1,0,2.684165695,0.225693315
887,1.50519,0,1.39745,0.02451,1.470580488,0.052622881,1.603992847,0.026682573,1,0,2.678826244,0.221409108
888,1.50519,0,1.39575,0.02465,1.470482927,0.052897458,1.603775378,0.026778792,1,0,2.673486792,0.2171249
889,1.50518,0,1.39406,0.02479,1.470385366,0.053172034,1.603557908,0.026875012,1,0,2.668147341,0.212840693
890,1.50518,0,1.39243,0.02494,1.470287805,0.05344661,1.603340439,0.026971231,1,0,2.66280789,0.208556486
891,1.50518,0,1.39074,0.02508,1.470190244,0.053721186,1.603122969,0.027067451,1,0,2.657468439,0.204272278
892,1.50518,0,1.38903,0.02523,1.470092683,0.053995763,1.6029055,0.02716367,1,0,2.652128987,0.199988071
893,1.50518,0,1.38731,0.02538,1.469995122,0.054270339,1.60268803,0.02725989,1,0,2.646789536,0.195703864
894,1.50518,0,1.38561,0.02553,1.469897561,0.054540759,1.602470561,0.027356109,1,0,2.641450085,0.191419656
895,1.50517,0,1.38392,0.02568,1.4698,0.054794552,1.602253091,0.027452329,1,0,2.636110634,0.187135449
896,1.50517,0,1.38221,0.02583,1.469702439,0.055048345,1.602035622,0.027548548,1,0,2.630771183,0.182851242
897,1.50517,0,1.3805,0.02598,1.469604878,0.055302138,1.601818152,0.027644768,1,0,2.625431731,0.178567034
898,1.50517,0,1.3788,0.02613,1.469507317,0.055555931,1.601600683,0.027740987,1,0,2.62009228,0.174282827
899,1.50517,0,1.37708,0.02629,1.469409756,0.055809724,1.601383213,0.027837207,1,0,2.614752829,0.16999862
900,1.50516,0,1.37536,0.02644,1.469312195,0.056063517,1.601165743,0.027933426,1,0,2.609413378,0.165714413
901,1.50516,0,1.37359,0.0266,1.469214634,0.05631731,1.600948274,0.028029646,1,0,2.604073926,0.161430205
902,1.50516,0,1.37187,0.02675,1.469117073,0.056571103,1.600730804,0.028125865,1,0,2.598734475,0.157145998
903,1.50516,0,1.37016,0.02691,1.469019512,0.056824897,1.600513335,0.028222085,1,0,2.593395024,0.152861791
904,1.50516,0,1.36839,0.02707,1.468938211,0.05707869,1.600295865,0.028318304,1,0,2.588055573,0.148577583
905,1.50516,0,1.36665,0.02723,1.468860976,0.057332483,1.600078396,0.028414524,1,0,2.582716122,0.144293376
906,1.50515,0,1.36494,0.02739,1.46878374,0.057586276,1.599860926,0.028510743,1,0,2.57737667,0.140009169
907,1.50515,0,1.36317,0.02755,1.468706504,0.057840069,1.599643457,0.028606963,1,0,2.572037219,0.135724961
908,1.50515,0,1.3614,0.02771,1.468629268,0.058093862,1.599425987,0.028703182,1,0,2.566697768,0.131440754
909,1.50515,0,1.35962,0.02788,1.468552033,0.058370221,1.599208518,0.028799402,1,0,2.561358317,0.127156547
910,1.50515,0,1.35786,0.02804,1.468474797,0.05865625,1.598991048,0.028895621,1,0,2.556018865,0.122872339
911,1.50515,0,1.35609,0.0282,1.468397561,0.058942279,1.598773579,0.028991841,1,0,2.550679414,0.118588132
912,1.50514,0,1.35432,0.02837,1.468320325,0.059228309,1.598556109,0.02908806,1,0,2.545339963,0.114303925
913,1.50514,0,1.35255,0.02854,1.468243089,0.059514338,1.59833864,0.02918428,1,0,2.540000512,0.110019717
914,1.50514,0,1.35078,0.02871,1.468165854,0.059800368,1.59812117,0.029280499,1,0,2.534661061,0.10573551
915,1.50514,0,1.34901,0.02888,1.468088618,0.060086397,1.597903701,0.029376719,1,0,2.529321609,0.101451303
916,1.50514,0,1.34721,0.02905,1.468011382,0.060372426,1.597686231,0.029472938,1,0,2.523982158,0.097167095
917,1.50514,0,1.34538,0.02922,1.467934146,0.060658456,1.597468762,0.029569158,1,0,2.518642707,0.092882888
918,1.50513,0,1.3436,0.02939,1.467856911,0.060944485,1.597251292,0.029665377,1,0,2.513303256,0.088598681
919,1.50513,0,1.3418,0.02957,1.467779675,0.061230515,1.597033852,0.029766295,1,0,2.508580678,0.085827563
920,1.50513,0,1.33997,0.02974,1.467702439,0.061516544,1.596816431,0.029870362,1,0,2.504271753,0.084071068
921,1.50513,0,1.33818,0.02992,1.467625203,0.061802574,1.59659901,0.02997443,1,0,2.499962829,0.082314574
922,1.50513,0,1.3364,0.0301,1.467547967,0.062085528,1.596381589,0.030078498,1,0,2.495653904,0.08055808
923,1.50513,0,1.33457,0.03028,1.467470732,0.062340807,1.596164169,0.030182565,1,0,2.49134498,0.078801585
924,1.50512,0,1.33273,0.03046,1.467393496,0.062596087,1.595946748,0.030286633,1,0,2.487036056,0.077045091
925,1.50512,0,1.33089,0.03064,1.46731626,0.062851366,1.595729327,0.0303907,1,0,2.482727131,0.075288597
926,1.50512,0,1.32906,0.03082,1.467239024,0.063106646,1.595511906,0.030494768,1,0,2.478418207,0.073532102
927,1.50512,0,1.32724,0.031,1.467161789,0.063361925,1.595294485,0.030598836,1,0,2.474109282,0.071775608
928,1.50512,0,1.3254,0.03118,1.46709434,0.063617205,1.595077064,0.030702903,1,0,2.469800358,0.070019114
929,1.50511,0,1.32357,0.03137,1.467066038,0.063872484,1.594859643,0.030806971,1,0,2.465491433,0.068262619
930,1.50511,0,1.32173,0.03156,1.467037736,0.064127764,1.594642223,0.030911038,1,0,2.461182509,0.066506125
931,1.50511,0,1.3199,0.03175,1.467009434,0.064383043,1.594424802,0.031015106,1,0,2.456873584,0.064749631
932,1.50511,0,1.31802,0.03193,1.466981132,0.064638323,1.594207381,0.031119173,1,0,2.45256466,0.062993136
933,1.50511,0,1.31613,0.03212,1.46695283,0.064893602,1.59398996,0.031223241,1,0,2.448255736,0.061236642
934,1.50511,0,1.31429,0.03232,1.466924528,0.065148882,1.593772539,0.031327309,1,0,2.443946811,0.059480148
935,1.5051,0,1.31242,0.03251,1.466896226,0.065404161,1.593555118,0.031431376,1,0,2.439637887,0.057723653
936,1.5051,0,1.31052,0.0327,1.466867925,0.065659441,1.593337698,0.031535444,1,0,2.435328962,0.055967159
937,1.5051,0,1.30869,0.0329,1.466839623,0.06591472,1.593120277,0.031639511,1,0,2.431020038,0.054210665
938,1.5051,0,1.30684,0.0331,1.466811321,0.06617,1.592902856,0.031743579,1,0,2.426711113,0.052454171
939,1.5051,0,1.30493,0.03329,1.466783019,0.066493622,1.592685435,0.031847646,1,0,2.422402189,0.050697676
940,1.5051,0,1.30303,0.03349,1.466754717,0.066817244,1.592468014,0.031951714,1,0,2.418093264,0.048941182
941,1.50509,0,1.30114,0.03369,1.466726415,0.067140866,1.592250593,0.032055782,1,0,2.41378434,0.047184688
942,1.50509,0,1.29922,0.0339,1.466698113,0.067464488,1.592033172,0.032159849,1,0,2.409475416,0.045428193
943,1.50509,0,1.29731,0.0341,1.466669811,0.06778811,1.591815752,0.032263917,1,0,2.405166491,0.043671699
944,1.50509,0,1.29541,0.03431,1.466641509,0.068111732,1.591598331,0.032367984,1,0,2.400857567,0.041915205
945,1.50509,0,1.29346,0.03451,1.466613208,0.068435354,1.59138091,0.032472052,1,0,2.396548642,0.04015871
946,1.50509,0,1.29152,0.03472,1.466584906,0.068758976,1.591163489,0.03257612,1,0,2.392239718,0.038402216
947,1.50508,0,1.28963,0.03493,1.466556604,0.069082598,1.590946068,0.032680187,1,0,2.387930793,0.036645722
948,1.50508,0,1.28773,0.03514,1.466528302,0.06940622,1.590728647,0.032784255,1,0,2.383621869,0.034889227
949,1.50508,0,1.28581,0.03535,1.4665,0.069729843,1.590511227,0.032888322,1,0,2.379312944,0.033132733
950,1.50508,0,1.28385,0.03556,1.466471831,0.070053465,1.590293806,0.03299239,1,0,2.37500402,0.031376239
951,1.50508,0,1.28189,0.03578,1.466443662,0.070375294,1.590076385,0.033096457,1,0,2.370695096,0.029619744
952,1.50507,0,1.27993,0.03599,1.466415493,0.070692941,1.589858964,0.033200525,1,0,2.366386171,0.02786325
953,1.50507,0,1.27796,0.03621,1.466387324,0.071010588,1.589641543,0.033304593,1,0,2.362077247,0.026106756
954,1.50507,0,1.276,0.03643,1.466359155,0.071328235,1.58942437,0.033411093,1,0,2.358086646,0.02467661
955,1.50507,0,1.27404,0.03665,1.466330986,0.071645882,1.58920785,0.033523992,1,0,2.35493358,0.024105112
956,1.50507,0,1.27207,0.03687,1.466302817,0.071963529,1.58899133,0.033636892,1,0,2.351780514,0.023533615
957,1.50507,0,1.2701,0.0371,1.466274648,0.072281176,1.58877481,0.033749792,1,0,2.348627448,0.022962117
958,1.50506,0,1.26813,0.03732,1.466246479,0.072598824,1.58855829,0.033862691,1,0,2.345474382,0.02239062
959,1.50506,0,1.26616,0.03755,1.46621831,0.072916471,1.58834177,0.033975591,1,0,2.342321316,0.021819122
960,1.50506,0,1.26419,0.03778,1.466190141,0.073234118,1.58812525,0.034088491,1,0,2.33916825,0.021247625
961,1.50506,0,1.26217,0.03801,1.466161972,0.073550221,1.58790873,0.034201391,1,0,2.336015184,0.020676127
962,1.50506,0,1.26018,0.03824,1.466133803,0.073852426,1.58769221,0.03431429,1,0,2.332862118,0.02010463
963,1.50506,0,1.25821,0.03847,1.466105634,0.074154632,1.58747569,0.03442719,1,0,2.329709052,0.019533132
964,1.50505,0,1.25619,0.0387,1.466077465,0.074456838,1.58725917,0.03454009,1,0,2.326555985,0.018961635
965,1.50505,0,1.25416,0.03894,1.466049296,0.074759044,1.58704265,0.034652989,1,0,2.323402919,0.018390137
966,1.50505,0,1.25212,0.03918,1.466021127,0.07506125,1.58682613,0.034765889,1,0,2.320249853,0.01781864
967,1.50505,0,1.2501,0.03942,1.465992958,0.075363456,1.58660961,0.034878789,1,0,2.317096787,0.017247142
968,1.50505,0,1.24808,0.03966,1.465964789,0.075665662,1.58639309,0.034991689,1,0,2.313943721,0.016675645
969,1.50505,0,1.24605,0.0399,1.46593662,0.075967868,1.58617657,0.035104588,1,0,2.310790655,0.016104147
970,1.50504,0,1.24403,0.04014,1.465908451,0.076270074,1.58596005,0.035217488,1,0,2.307637589,0.01553265
971,1.50504,0,1.242,0.04039,1.465906604,0.076572279,1.58574353,0.035330388,1,0,2.304484523,0.014961153
972,1.50504,0,1.23996,0.04064,1.465916038,0.076874485,1.58552701,0.035443287,1,0,2.301331457,0.014389655
973,1.50504,0,1.23789,0.04089,1.465925472,0.077176691,1.58531049,0.035556187,1,0,2.298178391,0.013818158
974,1.50504,0,1.2358,0.04114,1.465934906,0.077478897,1.58509397,0.035669087,1,0,2.295025325,0.01324666
975,1.50503,0,1.23377,0.04139,1.46594434,0.077781103,1.58487745,0.035781987,1,0,2.291872259,0.012675163
976,1.50503,0,1.23172,0.04165,1.465953774,0.078083309,1.58466093,0.035894886,1,0,2.288719193,0.012103665
977,1.50503,0,1.22964,0.0419,1.465963208,0.078385515,1.58444441,0.036007786,1,0,2.285566127,0.011532168
978,1.50503,0,1.22754,0.04216,1.465972642,0.078687721,1.58422789,0.036120686,1,0,2.282413061,0.01096067
979,1.50503,0,1.22543,0.04242,1.465982075,0.078989926,1.58401137,0.036233585,1,0,2.279259995,0.010389173
980,1.50503,0,1.22334,0.04268,1.465991509,0.079292132,1.58379485,0.036346485,1,0,2.276106929,0.009817675
981,1.50502,0,1.22126,0.04295,1.466000943,0.079594338,1.58357833,0.036459385,1,0,2.272953863,0.009246178
982,1.50502,0,1.21917,0.04321,1.466010377,0.079896544,1.58336181,0.036572285,1,0,2.269800797,0.00867468
983,1.50502,0,1.21707,0.04348,1.466019811,0.08019875,1.58314529,0.036685184,1,0,2.266647731,0.008103183
984,1.50502,0,1.21498,0.04375,1.466029245,0.080500956,1.58292877,0.036798084,1,0,2.263494665,0.007531685
985,1.50502,0,1.21289,0.04402,1.466038679,0.080803162,1.58271225,0.036910984,1,0,2.260341599,0.006960188
986,1.50502,0,1.21072,0.0443,1.466048113,0.081105368,1.58249573,0.037023884,1,0,2.257188533,0.00638869
987,1.50501,0,1.20858,0.04457,1.466057547,0.081407574,1.58227921,0.037136783,1,0,2.254035467,0.005817193
988,1.50501,0,1.2065,0.04485,1.466066981,0.081709779,1.58206269,0.037249683,1,0,2.250882401,0.005245695
989,1.50501,0,1.20435,0.04513,1.466076415,0.082055405,1.58184617,0.037362583,1,0,2.247729335,0.004674198
990,1.50501,0,1.2022,0.04541,1.466085849,0.082405856,1.58162965,0.037475482,1,0,2.244576269,0.004102701
991,1.50501,0,1.20004,0.04569,1.466095283,0.082756306,1.58141313,0.037588382,1,0,2.241423203,0.003531203
992,1.50501,0,1.19788,0.04598,1.466105348,0.083106757,1.58119661,0.037701282,1,0,2.238270137,0.002959706
993,1.505,0,1.19573,0.04626,1.466116043,0.083457207,1.58098009,0.037814182,1,0,2.235117071,0.002388208
994,1.505,0,1.19356,0.04655,1.466126738,0.083807658,1.58076357,0.037927081,1,0,2.231964005,0.001816711
995,1.505,0,1.19137,0.04685,1.466137433,0.084158108,1.58054705,0.038039981,1,0,2.228810939,0.001245213
996,1.505,0,1.18916,0.04714,1.466148128,0.084508559,1.58033053,0.038152881,1,0,2.225657873,6.74E-04
997,1.505,0,1.187,0.04743,1.466158824,0.084859009,1.58011401,0.03826578,1,0,2.222504807,1.02E-04
998,1.505,0,1.18482,0.04773,1.466169519,0.085209459,1.57989749,0.03837868,1,0,2.219351741,-4.69E-04
999,1.505,0,1.18259,0.04803,1.466180214,0.08555991,1.57968097,0.03849158,1,0,2.216198675,-0.001040777
1000,1.505,0,1.18024,0.04839,1.466190909,0.085880526,1.57946445,0.03860448,1,0,2.213045609,-0.001612274
